Ticker,Name,Sector,Asset Class,Market Value,Weight (%),Notional Value,Shares,Price,Location,Exchange,Market Currency
"ASML","ASML HOLDING NV","Information Technology","Equity","420’303’316.00","4.11","420’303’316.00","302’420.00","1’389.80","Netherlands","Euronext Amsterdam","EUR"
"HSBA","HSBC HOLDINGS PLC","Financials","Equity","214’461’723.42","2.10","214’461’723.42","13’372’802.00","16.04","United Kingdom","London Stock Exchange","GBP"
"ROP","ROCHE PS PAR AG","Health Care","Equity","198’486’099.97","1.94","198’486’099.97","547’183.00","362.74","Switzerland","SIX Swiss Exchange","CHF"
"AZN","ASTRAZENECA PLC","Health Care","Equity","195’308’329.77","1.91","195’308’329.77","1’209’125.00","161.53","United Kingdom","London Stock Exchange","GBP"
"NOVN","NOVARTIS AG","Health Care","Equity","192’367’408.99","1.88","192’367’408.99","1’482’948.00","129.72","Switzerland","SIX Swiss Exchange","CHF"
"NESN","NESTLE SA","Consumer Staples","Equity","174’716’682.20","1.71","174’716’682.20","2’009’630.00","86.94","Switzerland","SIX Swiss Exchange","CHF"
"SHELL","SHELL PLC","Energy","Equity","163’563’079.76","1.60","163’563’079.76","4’427’804.00","36.94","United Kingdom","Euronext Amsterdam","EUR"
"SIE","SIEMENS N AG","Industrials","Equity","159’536’324.85","1.56","159’536’324.85","585’347.00","272.55","Germany","Xetra","EUR"
"TTE","TOTALENERGIES","Energy","Equity","133’363’848.48","1.31","133’363’848.48","1’704’984.00","78.22","France","Nyse Euronext - Euronext Paris","EUR"
"SU","SCHNEIDER ELECTRIC","Industrials","Equity","122’858’040.00","1.20","122’858’040.00","449’700.00","273.20","France","Nyse Euronext - Euronext Paris","EUR"
"SAN","BANCO SANTANDER","Financials","Equity","122’535’581.20","1.20","122’535’581.20","11’475’518.00","10.68","Spain","Bolsa De Madrid","EUR"
"SAP","SAP","Information Technology","Equity","120’488’247.52","1.18","120’488’247.52","795’512.00","151.46","Germany","Xetra","EUR"
"ALV","ALLIANZ","Financials","Equity","115’063’843.00","1.13","115’063’843.00","295’870.00","388.90","Germany","Xetra","EUR"
"ABBN","ABB LTD","Industrials","Equity","114’454’071.64","1.12","114’454’071.64","1’230’592.00","93.01","Switzerland","SIX Swiss Exchange","CHF"
"ENR","SIEMENS ENERGY N AG","Industrials","Equity","109’347’106.40","1.07","109’347’106.40","603’128.00","181.30","Germany","Xetra","EUR"
"UBSG","UBS GROUP AG","Financials","Equity","98’524’767.94","0.96","98’524’767.94","2’404’000.00","40.98","Switzerland","SIX Swiss Exchange","CHF"
"NOVO B","NOVO NORDISK CLASS B","Health Care","Equity","96’608’153.94","0.95","96’608’153.94","2’511’813.00","38.46","Denmark","Omx Nordic Exchange Copenhagen A/S","DKK"
"IBE","IBERDROLA SA","Utilities","Equity","96’372’488.77","0.94","96’372’488.77","4’839’191.00","19.91","Spain","Bolsa De Madrid","EUR"
"RR.","ROLLS-ROYCE HOLDINGS PLC","Industrials","Equity","95’887’456.11","0.94","95’887’456.11","6’570’731.00","14.59","United Kingdom","London Stock Exchange","GBP"
"BATS","BRITISH AMERICAN TOBACCO","Consumer Staples","Equity","94’359’330.08","0.92","94’359’330.08","1’691’896.00","55.77","United Kingdom","London Stock Exchange","GBP"
"MC","LVMH","Consumer Discretionary","Equity","91’219’048.80","0.89","91’219’048.80","194’414.00","469.20","France","Nyse Euronext - Euronext Paris","EUR"
"BBVA","BANCO BILBAO VIZCAYA ARGENTARIA SA","Financials","Equity","89’013’276.64","0.87","89’013’276.64","4’464’056.00","19.94","Spain","Bolsa De Madrid","EUR"
"UCG","UNICREDIT","Financials","Equity","86’196’641.72","0.84","86’196’641.72","1’173’382.00","73.46","Italy","Borsa Italiana","EUR"
"SAF","SAFRAN SA","Industrials","Equity","84’754’785.70","0.83","84’754’785.70","287’207.00","295.10","France","Nyse Euronext - Euronext Paris","EUR"
"ULVR","UNILEVER PLC","Consumer Staples","Equity","83’490’532.17","0.82","83’490’532.17","1’703’603.00","49.01","United Kingdom","London Stock Exchange","GBP"
"AI","LAIR LIQUIDE SOCIETE ANONYME POUR","Materials","Equity","81’938’043.68","0.80","81’938’043.68","450’308.00","181.96","France","Nyse Euronext - Euronext Paris","EUR"
"DTE","DEUTSCHE TELEKOM N AG","Communication","Equity","79’847’207.65","0.78","79’847’207.65","2’748’613.00","29.05","Germany","Xetra","EUR"
"AIR","AIRBUS GROUP","Industrials","Equity","79’140’608.16","0.77","79’140’608.16","459’372.00","172.28","France","Nyse Euronext - Euronext Paris","EUR"
"IFX","INFINEON TECHNOLOGIES AG","Information Technology","Equity","78’907’590.30","0.77","78’907’590.30","1’017’506.00","77.55","Germany","Xetra","EUR"
"BP.","BP PLC","Energy","Equity","78’596’941.03","0.77","78’596’941.03","12’840’615.00","6.12","United Kingdom","London Stock Exchange","GBP"
"RIO","RIO TINTO PLC","Materials","Equity","76’877’412.09","0.75","76’877’412.09","838’052.00","91.73","United Kingdom","London Stock Exchange","GBP"
"BNP","BNP PARIBAS SA","Financials","Equity","74’855’336.00","0.73","74’855’336.00","811’880.00","92.20","France","Nyse Euronext - Euronext Paris","EUR"
"CFR","COMPAGNIE FINANCIERE RICHEMONT SA","Consumer Discretionary","Equity","72’132’083.35","0.71","72’132’083.35","417’628.00","172.72","Switzerland","SIX Swiss Exchange","CHF"
"ZURN","ZURICH INSURANCE GROUP AG","Financials","Equity","71’114’871.47","0.70","71’114’871.47","114’235.00","622.53","Switzerland","SIX Swiss Exchange","CHF"
"GSK","GLAXOSMITHKLINE","Health Care","Equity","70’982’505.49","0.69","70’982’505.49","3’186’812.00","22.27","United Kingdom","London Stock Exchange","GBP"
"OR","LOREAL SA","Consumer Staples","Equity","68’765’130.90","0.67","68’765’130.90","186’507.00","368.70","France","Nyse Euronext - Euronext Paris","EUR"
"ISP","INTESA SANPAOLO","Financials","Equity","68’272’731.58","0.67","68’272’731.58","11’960’885.00","5.71","Italy","Borsa Italiana","EUR"
"SANO","SANOFI SA","Health Care","Equity","67’219’603.20","0.66","67’219’603.20","880’760.00","76.32","France","Nyse Euronext - Euronext Paris","EUR"
"INGA","ING GROEP NV","Financials","Equity","60’993’530.40","0.60","60’993’530.40","2’275’878.00","26.80","Netherlands","Euronext Amsterdam","EUR"
"NG.","NATIONAL GRID PLC","Utilities","Equity","60’496’553.33","0.59","60’496’553.33","4’040’473.00","14.97","United Kingdom","London Stock Exchange","GBP"
"ENEL","ENEL","Utilities","Equity","59’632’176.19","0.58","59’632’176.19","6’068’815.00","9.83","Italy","Borsa Italiana","EUR"
"NOKIA","NOKIA","Information Technology","Equity","58’650’258.95","0.57","58’650’258.95","4’239’267.00","13.84","Finland","Nasdaq Omx Helsinki Ltd.","EUR"
"ABI","ANHEUSER-BUSCH INBEV SA","Consumer Staples","Equity","56’572’386.00","0.55","56’572’386.00","799’045.00","70.80","Belgium","Nyse Euronext - Euronext Brussels","EUR"
"BARC","BARCLAYS PLC","Financials","Equity","56’296’522.18","0.55","56’296’522.18","10’727’345.00","5.25","United Kingdom","London Stock Exchange","GBP"
"DG","VINCI SA","Industrials","Equity","56’233’681.20","0.55","56’233’681.20","453’132.00","124.10","France","Nyse Euronext - Euronext Paris","EUR"
"CS","AXA SA","Financials","Equity","55’638’714.82","0.54","55’638’714.82","1’376’174.00","40.43","France","Nyse Euronext - Euronext Paris","EUR"
"BA.","BAE SYSTEMS PLC","Industrials","Equity","53’804’235.48","0.53","53’804’235.48","2’336’680.00","23.03","United Kingdom","London Stock Exchange","GBP"
"LLOY","LLOYDS BANKING GROUP PLC","Financials","Equity","53’705’774.24","0.53","53’705’774.24","45’728’904.00","1.17","United Kingdom","London Stock Exchange","GBP"
"INVE B","INVESTOR CLASS B","Financials","Equity","50’145’877.69","0.49","50’145’877.69","1’419’283.00","35.33","Sweden","Nasdaq Omx Nordic","SEK"
"GLEN","GLENCORE PLC","Materials","Equity","50’077’888.99","0.49","50’077’888.99","7’391’881.00","6.77","United Kingdom","London Stock Exchange","GBP"
"MUV2","MUENCHENER RUECKVERSICHERUNGS-GESE","Financials","Equity","48’628’056.60","0.48","48’628’056.60","102’786.00","473.10","Germany","Xetra","EUR"
"RHM","RHEINMETALL AG","Industrials","Equity","44’547’860.40","0.44","44’547’860.40","36’007.00","1’237.20","Germany","Xetra","EUR"
"ITX","INDUSTRIA DE DISENO TEXTIL SA","Consumer Discretionary","Equity","44’501’306.64","0.44","44’501’306.64","866’796.00","51.34","Spain","Bolsa De Madrid","EUR"
"NWG","NATWEST GROUP PLC","Financials","Equity","44’175’633.41","0.43","44’175’633.41","6’401’489.00","6.90","United Kingdom","London Stock Exchange","GBP"
"NDA FI","NORDEA BANK","Financials","Equity","43’959’904.15","0.43","43’959’904.15","2’660’206.00","16.52","Finland","Nasdaq Omx Helsinki Ltd.","EUR"
"RMS","HERMES INTERNATIONAL","Consumer Discretionary","Equity","43’779’223.00","0.43","43’779’223.00","27’422.00","1’596.50","France","Nyse Euronext - Euronext Paris","EUR"
"EUR","EUR CASH","Cash and/or Derivatives","Cash","42’947’446.20","0.42","42’947’446.20","42’947’446.00","100.00","European Union","-","EUR"
"DBK","DEUTSCHE BANK AG","Financials","Equity","42’459’578.35","0.42","42’459’578.35","1’483’045.00","28.63","Germany","Xetra","EUR"
"GLE","SOCIETE GENERALE SA","Financials","Equity","42’209’040.00","0.41","42’209’040.00","595’500.00","70.88","France","Nyse Euronext - Euronext Paris","EUR"
"EL","ESSILORLUXOTTICA SA","Health Care","Equity","42’114’935.20","0.41","42’114’935.20","244’712.00","172.10","France","Nyse Euronext - Euronext Paris","EUR"
"LSEG","LONDON STOCK EXCHANGE GROUP PLC","Financials","Equity","41’085’987.25","0.40","41’085’987.25","386’969.00","106.17","United Kingdom","London Stock Exchange","GBP"
"REL","RELX PLC","Industrials","Equity","40’228’057.60","0.39","40’228’057.60","1’428’969.00","28.15","United Kingdom","London Stock Exchange","GBP"
"ENGI","ENGIE SA","Utilities","Equity","39’875’896.19","0.39","39’875’896.19","1’453’733.00","27.43","France","Nyse Euronext - Euronext Paris","EUR"
"AAL","ANGLO AMERICAN PLC","Materials","Equity","38’864’546.72","0.38","38’864’546.72","858’819.00","45.25","United Kingdom","London Stock Exchange","GBP"
"PRX","PROSUS NV CLASS N","Consumer Discretionary","Equity","37’882’574.72","0.37","37’882’574.72","964’424.00","39.28","Netherlands","Euronext Amsterdam","EUR"
"DHL","DEUTSCHE POST AG","Industrials","Equity","37’005’135.84","0.36","37’005’135.84","742’032.00","49.87","Germany","Xetra","EUR"
"DB1","DEUTSCHE BOERSE AG","Financials","Equity","36’979’929.00","0.36","36’979’929.00","145’705.00","253.80","Germany","Xetra","EUR"
"VOLV B","VOLVO CLASS B","Industrials","Equity","36’370’011.60","0.36","36’370’011.60","1’229’256.00","29.59","Sweden","Nasdaq Omx Nordic","SEK"
"CPG","COMPASS GROUP PLC","Consumer Discretionary","Equity","36’315’447.79","0.36","36’315’447.79","1’382’282.00","26.27","United Kingdom","London Stock Exchange","USD"
"BAS","BASF N","Materials","Equity","35’430’763.48","0.35","35’430’763.48","690’389.00","51.32","Germany","Xetra","EUR"
"ENI","ENI","Energy","Equity","34’804’236.25","0.34","34’804’236.25","1’502’125.00","23.17","Italy","Borsa Italiana","EUR"
"PRY","PRYSMIAN","Industrials","Equity","34’562’687.40","0.34","34’562’687.40","229’958.00","150.30","Italy","Borsa Italiana","EUR"
"ASM","ASM INTERNATIONAL NV","Information Technology","Equity","34’422’365.60","0.34","34’422’365.60","38’521.00","893.60","Netherlands","Euronext Amsterdam","EUR"
"HOLN","HOLCIM LTD AG","Materials","Equity","34’409’185.66","0.34","34’409’185.66","416’563.00","82.60","Switzerland","SIX Swiss Exchange","CHF"
"ARGX","ARGENX","Health Care","Equity","33’713’823.00","0.33","33’713’823.00","48’565.00","694.20","Belgium","Nyse Euronext - Euronext Brussels","EUR"
"ATCO A","ATLAS COPCO CLASS A","Industrials","Equity","33’483’065.11","0.33","33’483’065.11","2’019’015.00","16.58","Sweden","Nasdaq Omx Nordic","SEK"
"G","ASSICURAZIONI GENERALI","Financials","Equity","32’737’430.88","0.32","32’737’430.88","847’242.00","38.64","Italy","Borsa Italiana","EUR"
"EOAN","E.ON N","Utilities","Equity","32’516’633.42","0.32","32’516’633.42","1’750’559.00","18.57","Germany","Xetra","EUR"
"STAN","STANDARD CHARTERED PLC","Financials","Equity","32’350’346.54","0.32","32’350’346.54","1’413’119.00","22.89","United Kingdom","London Stock Exchange","GBP"
"DSV","DSV","Industrials","Equity","32’145’044.91","0.31","32’145’044.91","153’287.00","209.71","Denmark","Omx Nordic Exchange Copenhagen A/S","DKK"
"DGE","DIAGEO PLC","Consumer Staples","Equity","31’888’663.65","0.31","31’888’663.65","1’748’148.00","18.24","United Kingdom","London Stock Exchange","GBP"
"CABK","CAIXABANK SA","Financials","Equity","31’790’426.20","0.31","31’790’426.20","2’747’660.00","11.57","Spain","Bolsa De Madrid","EUR"
"LR","LEGRAND SA","Industrials","Equity","31’148’999.45","0.30","31’148’999.45","202’859.00","153.55","France","Nyse Euronext - Euronext Paris","EUR"
"STMMI","STMICROELECTRONICS NV","Information Technology","Equity","30’994’280.10","0.30","30’994’280.10","517’866.00","59.85","France","Borsa Italiana","EUR"
"BN","DANONE SA","Consumer Staples","Equity","30’781’618.08","0.30","30’781’618.08","502’311.00","61.28","France","Nyse Euronext - Euronext Paris","EUR"
"SREN","SWISS RE AG","Financials","Equity","30’278’030.71","0.30","30’278’030.71","230’858.00","131.15","Switzerland","SIX Swiss Exchange","CHF"
"RWE","RWE AG","Utilities","Equity","30’114’656.84","0.29","30’114’656.84","528’142.00","57.02","Germany","Xetra","EUR"
"SAND","SANDVIK","Industrials","Equity","29’693’919.25","0.29","29’693’919.25","829’916.00","35.78","Sweden","Nasdaq Omx Nordic","SEK"
"SGO","COMPAGNIE DE SAINT GOBAIN SA","Industrials","Equity","29’585’064.80","0.29","29’585’064.80","386’228.00","76.60","France","Nyse Euronext - Euronext Paris","EUR"
"LONN","LONZA GROUP AG","Health Care","Equity","29’484’734.73","0.29","29’484’734.73","54’773.00","538.31","Switzerland","SIX Swiss Exchange","CHF"
"BAYN","BAYER AG","Health Care","Equity","28’901’817.08","0.28","28’901’817.08","764’194.00","37.82","Germany","Xetra","EUR"
"MBG","MERCEDES-BENZ GROUP N AG","Consumer Discretionary","Equity","28’893’230.08","0.28","28’893’230.08","567’424.00","50.92","Germany","Xetra","EUR"
"RKT","RECKITT BENCKISER GROUP PLC","Consumer Staples","Equity","28’248’702.63","0.28","28’248’702.63","524’801.00","53.83","United Kingdom","London Stock Exchange","GBP"
"HLN","HALEON PLC","Health Care","Equity","27’613’928.11","0.27","27’613’928.11","6’980’153.00","3.96","United Kingdom","London Stock Exchange","GBP"
"ORA","ORANGE SA","Communication","Equity","27’558’128.91","0.27","27’558’128.91","1’530’582.00","18.00","France","Nyse Euronext - Euronext Paris","EUR"
"SSE","SSE PLC","Utilities","Equity","27’031’181.20","0.26","27’031’181.20","950’041.00","28.45","United Kingdom","London Stock Exchange","GBP"
"RACE","FERRARI NV","Consumer Discretionary","Equity","26’762’054.80","0.26","26’762’054.80","94’216.00","284.05","Italy","Borsa Italiana","EUR"
"ERIC B","ERICSSON B","Information Technology","Equity","26’445’394.79","0.26","26’445’394.79","2’259’030.00","11.71","Sweden","Nasdaq Omx Nordic","SEK"
"TSCO","TESCO PLC","Consumer Staples","Equity","26’422’113.84","0.26","26’422’113.84","5’026’442.00","5.26","United Kingdom","London Stock Exchange","GBP"
"PRU","PRUDENTIAL PLC","Financials","Equity","25’788’374.36","0.25","25’788’374.36","1’980’224.00","13.02","United Kingdom","London Stock Exchange","GBP"
"AD","KONINKLIJKE AHOLD DELHAIZE NV","Consumer Staples","Equity","25’073’305.92","0.25","25’073’305.92","691’296.00","36.27","Netherlands","Euronext Amsterdam","EUR"
"ASSA B","ASSA ABLOY B","Industrials","Equity","24’142’773.70","0.24","24’142’773.70","779’753.00","30.96","Sweden","Nasdaq Omx Nordic","SEK"
"SDZ","SANDOZ GROUP AG","Health Care","Equity","24’080’689.22","0.24","24’080’689.22","339’407.00","70.95","Switzerland","SIX Swiss Exchange","CHF"
"EBS","ERSTE GROUP BANK AG","Financials","Equity","24’072’319.80","0.24","24’072’319.80","234’623.00","102.60","Austria","Wiener Boerse Ag","EUR"
"ADYEN","ADYEN NV","Financials","Equity","23’597’155.20","0.23","23’597’155.20","24’337.00","969.60","Netherlands","Euronext Amsterdam","EUR"
"UCB","UCB SA","Health Care","Equity","23’521’692.60","0.23","23’521’692.60","96’282.00","244.30","Belgium","Nyse Euronext - Euronext Brussels","EUR"
"FER","FERROVIAL NV","Industrials","Equity","22’938’345.54","0.22","22’938’345.54","387’603.00","59.18","Spain","Bolsa De Madrid","EUR"
"ALC","ALCON AG","Health Care","Equity","22’829’729.14","0.22","22’829’729.14","393’146.00","58.07","Switzerland","SIX Swiss Exchange","CHF"
"SWED A","SWEDBANK","Financials","Equity","22’587’682.78","0.22","22’587’682.78","712’952.00","31.68","Sweden","Nasdaq Omx Nordic","SEK"
"DANSKE","DANSKE BANK","Financials","Equity","22’400’577.46","0.22","22’400’577.46","500’407.00","44.76","Denmark","Omx Nordic Exchange Copenhagen A/S","DKK"
"ADS","ADIDAS N AG","Consumer Discretionary","Equity","21’923’426.40","0.21","21’923’426.40","139’462.00","157.20","Germany","Xetra","EUR"
"SUNB","SUNBELT RENTALS HOLDINGS INC","Industrials","Equity","21’899’237.01","0.21","21’899’237.01","330’186.00","66.32","United Kingdom","London Stock Exchange","GBP"
"SEB A","SKANDINAVISKA ENSKILDA BANKEN","Financials","Equity","21’508’390.91","0.21","21’508’390.91","1’249’324.00","17.22","Sweden","Nasdaq Omx Nordic","SEK"
"SLHN","SWISS LIFE HOLDING AG","Financials","Equity","21’487’709.74","0.21","21’487’709.74","22’525.00","953.95","Switzerland","SIX Swiss Exchange","CHF"
"EQNR","EQUINOR","Energy","Equity","21’427’997.06","0.21","21’427’997.06","653’182.00","32.81","Norway","Oslo Bors Asa","NOK"
"EXPN","EXPERIAN PLC","Industrials","Equity","21’415’711.73","0.21","21’415’711.73","717’379.00","29.85","United Kingdom","London Stock Exchange","GBP"
"GALD","GALDERMA GROUP N AG","Health Care","Equity","21’080’986.19","0.21","21’080’986.19","121’553.00","173.43","Switzerland","SIX Swiss Exchange","CHF"
"SIKA","SIKA AG","Materials","Equity","20’720’268.53","0.20","20’720’268.53","126’461.00","163.85","Switzerland","SIX Swiss Exchange","CHF"
"III","3I GROUP PLC","Financials","Equity","20’521’580.64","0.20","20’521’580.64","766’118.00","26.79","United Kingdom","London Stock Exchange","GBP"
"ACS","ACS ACTIVIDADES DE CONSTRUCCION Y","Industrials","Equity","20’091’219.60","0.20","20’091’219.60","160’473.00","125.20","Spain","Bolsa De Madrid","EUR"
"EQT","EQT","Financials","Equity","19’997’937.59","0.20","19’997’937.59","684’010.00","29.24","Sweden","Nasdaq Omx Nordic","SEK"
"CBK","COMMERZBANK AG","Financials","Equity","19’922’333.45","0.20","19’922’333.45","542’695.00","36.71","Germany","Xetra","EUR"
"VWS","VESTAS WIND SYSTEMS","Industrials","Equity","19’898’525.20","0.19","19’898’525.20","777’463.00","25.59","Denmark","Omx Nordic Exchange Copenhagen A/S","DKK"
"MT","ARCELORMITTAL SA","Materials","Equity","19’878’925.44","0.19","19’878’925.44","342’268.00","58.08","France","Euronext Amsterdam","EUR"
"KBC","KBC GROEP","Financials","Equity","19’481’110.25","0.19","19’481’110.25","170’513.00","114.25","Belgium","Nyse Euronext - Euronext Brussels","EUR"
"REP","REPSOL SA","Energy","Equity","19’018’260.03","0.19","19’018’260.03","851’691.00","22.33","Spain","Bolsa De Madrid","EUR"
"VOD","VODAFONE GROUP PLC","Communication","Equity","18’995’609.21","0.19","18’995’609.21","14’910’828.00","1.27","United Kingdom","London Stock Exchange","GBP"
"GIVN","GIVAUDAN SA","Materials","Equity","18’849’048.52","0.18","18’849’048.52","6’007.00","3’137.83","Switzerland","SIX Swiss Exchange","CHF"
"IMB","IMPERIAL BRANDS PLC","Consumer Staples","Equity","18’820’747.95","0.18","18’820’747.95","583’209.00","32.27","United Kingdom","London Stock Exchange","GBP"
"AMS","AMADEUS IT GROUP SA","Consumer Discretionary","Equity","18’564’114.80","0.18","18’564’114.80","354’277.00","52.40","Spain","Bolsa De Madrid","EUR"
"DNB","DNB BANK","Financials","Equity","18’556’793.31","0.18","18’556’793.31","684’410.00","27.11","Norway","Oslo Bors Asa","NOK"
"VIE","VEOLIA ENVIRON. SA","Utilities","Equity","18’513’615.60","0.18","18’513’615.60","525’060.00","35.26","France","Nyse Euronext - Euronext Paris","EUR"
"SAMPO","SAMPO CLASS A","Financials","Equity","17’995’754.32","0.18","17’995’754.32","1’964’602.00","9.16","Finland","Nasdaq Omx Helsinki Ltd.","EUR"
"HEI","HEIDELBERG MATERIALS AG","Materials","Equity","17’620’365.70","0.17","17’620’365.70","97’189.00","181.30","Germany","Xetra","EUR"
"UMG","UNIVERSAL MUSIC GROUP NV","Communication","Equity","17’447’952.00","0.17","17’447’952.00","863’760.00","20.20","Netherlands","Euronext Amsterdam","EUR"
"HO","THALES SA","Industrials","Equity","17’363’007.90","0.17","17’363’007.90","75’393.00","230.30","France","Nyse Euronext - Euronext Paris","EUR"
"DTG","DAIMLER TRUCK HOLDING E AG","Industrials","Equity","17’277’026.88","0.17","17’277’026.88","414’516.00","41.68","Germany","Xetra","EUR"
"AV.","AVIVA PLC","Financials","Equity","17’070’998.77","0.17","17’070’998.77","2’348’534.00","7.27","United Kingdom","London Stock Exchange","GBP"
"ABN","ABN AMRO BANK NV","Financials","Equity","16’763’292.00","0.16","16’763’292.00","487’305.00","34.40","Netherlands","Euronext Amsterdam","EUR"
"PKO","POWSZECHNA KASA OSZCZEDNOSCI BANK","Financials","Equity","16’630’801.21","0.16","16’630’801.21","675’375.00","24.62","Poland","Warsaw Stock Exchange/Equities/Main Market","PLN"
"PGHN","PARTNERS GROUP HOLDING AG","Financials","Equity","16’598’006.40","0.16","16’598’006.40","17’729.00","936.20","Switzerland","SIX Swiss Exchange","CHF"
"BESI","BE SEMICONDUCTOR INDUSTRIES NV","Information Technology","Equity","16’531’356.00","0.16","16’531’356.00","58’209.00","284.00","Netherlands","Euronext Amsterdam","EUR"
"ML","MICHELIN","Consumer Discretionary","Equity","16’410’882.35","0.16","16’410’882.35","540’721.00","30.35","France","Nyse Euronext - Euronext Paris","EUR"
"A5G","AIB GROUP PLC","Financials","Equity","16’388’852.15","0.16","16’388’852.15","1’610’698.00","10.18","Ireland","Irish Stock Exchange - All Market","EUR"
"LDO","LEONARDO FINMECCANICA SPA","Industrials","Equity","16’181’093.50","0.16","16’181’093.50","307’450.00","52.63","Italy","Borsa Italiana","EUR"
"BMW","BMW AG","Consumer Discretionary","Equity","16’142’818.44","0.16","16’142’818.44","214’494.00","75.26","Germany","Xetra","EUR"
"RYA","RYANAIR HOLDINGS PLC","Industrials","Equity","15’974’644.00","0.16","15’974’644.00","636’440.00","25.10","Ireland","Irish Stock Exchange - All Market","EUR"
"HLMA","HALMA PLC","Information Technology","Equity","15’758’963.71","0.15","15’758’963.71","295’692.00","53.30","United Kingdom","London Stock Exchange","GBP"
"SHB A","SVENSKA HANDELSBANKEN-A SHS","Financials","Equity","15’699’658.53","0.15","15’699’658.53","1’242’651.00","12.63","Sweden","Nasdaq Omx Nordic","SEK"
"KNEBV","KONE","Industrials","Equity","15’562’209.60","0.15","15’562’209.60","308’774.00","50.40","Finland","Nasdaq Omx Helsinki Ltd.","EUR"
"HEIA","HEINEKEN NV","Consumer Staples","Equity","15’407’870.94","0.15","15’407’870.94","226’653.00","67.98","Netherlands","Euronext Amsterdam","EUR"
"PUB","PUBLICIS GROUPE SA","Communication","Equity","15’341’237.52","0.15","15’341’237.52","186’361.00","82.32","France","Nyse Euronext - Euronext Paris","EUR"
"IHG","INTERCONTINENTAL HOTELS GROUP PLC","Consumer Discretionary","Equity","15’301’785.97","0.15","15’301’785.97","116’678.00","131.15","United Kingdom","London Stock Exchange","USD"
"BMPS","BANCA MONTE DEI PASCHI DI SIENA SP","Financials","Equity","15’203’628.27","0.15","15’203’628.27","1’730’438.00","8.79","Italy","Borsa Italiana","EUR"
"PKN","ORLEN SA","Energy","Equity","15’111’310.77","0.15","15’111’310.77","451’903.00","33.44","Poland","Warsaw Stock Exchange/Equities/Main Market","PLN"
"NN","NN GROUP NV","Financials","Equity","14’997’603.60","0.15","14’997’603.60","200’610.00","74.76","Netherlands","Euronext Amsterdam","EUR"
"GEBN","GEBERIT AG","Industrials","Equity","14’938’502.26","0.15","14’938’502.26","27’009.00","553.09","Switzerland","SIX Swiss Exchange","CHF"
"SCMN","SWISSCOM AG","Communication","Equity","14’803’874.92","0.14","14’803’874.92","20’144.00","734.90","Switzerland","SIX Swiss Exchange","CHF"
"VACN","VAT GROUP AG","Industrials","Equity","14’430’225.55","0.14","14’430’225.55","21’361.00","675.54","Switzerland","SIX Swiss Exchange","CHF"
"NXT","NEXT PLC","Consumer Discretionary","Equity","14’358’829.81","0.14","14’358’829.81","94’693.00","151.64","United Kingdom","London Stock Exchange","GBP"
"HBAN","HELVETIA BALOISE HOLDING N AG","Financials","Equity","14’334’483.64","0.14","14’334’483.64","61’045.00","234.82","Switzerland","SIX Swiss Exchange","CHF"
"VOW3","VOLKSWAGEN NON-VOTING PREF AG","Consumer Discretionary","Equity","14’311’127.00","0.14","14’311’127.00","158’134.00","90.50","Germany","Xetra","EUR"
"ACA","CREDIT AGRICOLE SA","Financials","Equity","14’126’276.29","0.14","14’126’276.29","861’621.00","16.40","France","Nyse Euronext - Euronext Paris","EUR"
"ANTO","ANTOFAGASTA PLC","Materials","Equity","14’037’964.72","0.14","14’037’964.72","297’723.00","47.15","United Kingdom","London Stock Exchange","GBP"
"CAP","CAPGEMINI","Information Technology","Equity","13’950’542.20","0.14","13’950’542.20","133’754.00","104.30","France","Nyse Euronext - Euronext Paris","EUR"
"PHIA","KONINKLIJKE PHILIPS NV","Health Care","Equity","13’847’477.02","0.14","13’847’477.02","597’389.00","23.18","Netherlands","Euronext Amsterdam","EUR"
"NSIS B","NOVOZYMES B","Materials","Equity","13’831’343.35","0.14","13’831’343.35","271’911.00","50.87","Denmark","Omx Nordic Exchange Copenhagen A/S","DKK"
"KPN","KONINKLIJKE KPN NV","Communication","Equity","13’815’036.85","0.14","13’815’036.85","3’051’698.00","4.53","Netherlands","Euronext Amsterdam","EUR"
"WRT1V","WARTSILA","Industrials","Equity","13’768’029.60","0.13","13’768’029.60","375’765.00","36.64","Finland","Nasdaq Omx Helsinki Ltd.","EUR"
"LGEN","LEGAL AND GENERAL GROUP PLC","Financials","Equity","13’714’945.19","0.13","13’714’945.19","4’367’371.00","3.14","United Kingdom","London Stock Exchange","GBP"
"AENA","AENA SME SA","Industrials","Equity","13’676’524.96","0.13","13’676’524.96","567’962.00","24.08","Spain","Bolsa De Madrid","EUR"
"SAB","BANCO DE SABADELL SA","Financials","Equity","13’403’791.81","0.13","13’403’791.81","3’893’056.00","3.44","Spain","Bolsa De Madrid","EUR"
"HEXA B","HEXAGON CLASS B","Information Technology","Equity","13’138’057.32","0.13","13’138’057.32","1’665’830.00","7.89","Sweden","Nasdaq Omx Nordic","SEK"
"BPE","BPER BANCA","Financials","Equity","13’132’822.32","0.13","13’132’822.32","1’137’829.00","11.54","Italy","Borsa Italiana","EUR"
"KER","KERING SA","Consumer Discretionary","Equity","13’122’476.50","0.13","13’122’476.50","54’734.00","239.75","France","Nyse Euronext - Euronext Paris","EUR"
"MRK","MERCK","Health Care","Equity","13’096’962.35","0.13","13’096’962.35","102’041.00","128.35","Germany","Xetra","EUR"
"MTX","MTU AERO ENGINES HOLDING AG","Industrials","Equity","12’929’068.70","0.13","12’929’068.70","42’769.00","302.30","Germany","Xetra","EUR"
"SAAB B","SAAB CLASS B","Industrials","Equity","12’775’117.59","0.13","12’775’117.59","256’113.00","49.88","Sweden","Nasdaq Omx Nordic","SEK"
"VNA","VONOVIA SE","Real Estate","Equity","12’591’174.60","0.12","12’591’174.60","584’820.00","21.53","Germany","Xetra","EUR"
"BIRG","BANK OF IRELAND GROUP PLC","Financials","Equity","12’541’906.19","0.12","12’541’906.19","711’194.00","17.64","Ireland","Irish Stock Exchange - All Market","EUR"
"SGSN","SGS SA","Industrials","Equity","12’379’747.92","0.12","12’379’747.92","129’506.00","95.59","Switzerland","SIX Swiss Exchange","CHF"
"EPI A","EPIROC CLASS A","Industrials","Equity","12’356’679.60","0.12","12’356’679.60","498’492.00","24.79","Sweden","Nasdaq Omx Nordic","SEK"
"BT.A","BT GROUP PLC","Communication","Equity","12’209’803.80","0.12","12’209’803.80","4’755’402.00","2.57","United Kingdom","London Stock Exchange","GBP"
"FRE","FRESENIUS SE AND CO KGAA","Health Care","Equity","12’054’291.99","0.12","12’054’291.99","318’981.00","37.79","Germany","Xetra","EUR"
"DSY","DASSAULT SYSTEMES","Information Technology","Equity","11’674’746.46","0.11","11’674’746.46","574’262.00","20.33","France","Nyse Euronext - Euronext Paris","EUR"
"TEF","TELEFONICA SA","Communication","Equity","11’638’357.99","0.11","11’638’357.99","2’912’502.00","4.00","Spain","Bolsa De Madrid","EUR"
"BAMI","BANCO BPM","Financials","Equity","11’629’879.10","0.11","11’629’879.10","874’427.00","13.30","Italy","Borsa Italiana","EUR"
"HNR1","HANNOVER RUECK","Financials","Equity","11’621’324.00","0.11","11’621’324.00","48’022.00","242.00","Germany","Xetra","EUR"
"GMAB","GENMAB","Health Care","Equity","11’498’567.04","0.11","11’498’567.04","49’537.00","232.12","Denmark","Omx Nordic Exchange Copenhagen A/S","DKK"
"BOL","BOLIDEN","Materials","Equity","11’429’253.07","0.11","11’429’253.07","220’916.00","51.74","Sweden","Nasdaq Omx Nordic","SEK"
"BAER","JULIUS BAER GRUPPE AG","Financials","Equity","11’379’107.98","0.11","11’379’107.98","159’204.00","71.47","Switzerland","SIX Swiss Exchange","CHF"
"WKL","WOLTERS KLUWER NV","Industrials","Equity","11’258’092.52","0.11","11’258’092.52","186’454.00","60.38","Netherlands","Euronext Amsterdam","EUR"
"TRN","TERNA RETE ELETTRICA NAZIONALE","Utilities","Equity","11’198’929.42","0.11","11’198’929.42","1’114’876.00","10.05","Italy","Borsa Italiana","EUR"
"NHY","NORSK HYDRO","Materials","Equity","11’115’228.13","0.11","11’115’228.13","1’034’621.00","10.74","Norway","Oslo Bors Asa","NOK"
"ESSITY B","ESSITY CLASS B","Consumer Staples","Equity","11’098’264.30","0.11","11’098’264.30","461’824.00","24.03","Sweden","Nasdaq Omx Nordic","SEK"
"ALFA","ALFA LAVAL","Industrials","Equity","11’081’708.79","0.11","11’081’708.79","223’862.00","49.50","Sweden","Nasdaq Omx Nordic","SEK"
"STLAM","STELLANTIS NV","Consumer Discretionary","Equity","10’840’906.40","0.11","10’840’906.40","1’602’973.00","6.76","Italy","Borsa Italiana","EUR"
"CLNX","CELLNEX TELECOM","Communication","Equity","10’826’041.80","0.11","10’826’041.80","377’214.00","28.70","Spain","Bolsa De Madrid","EUR"
"LOGN","LOGITECH INTERNATIONAL SA","Information Technology","Equity","10’617’992.85","0.10","10’617’992.85","111’229.00","95.46","Switzerland","SIX Swiss Exchange","CHF"
"EN","BOUYGUES SA","Industrials","Equity","10’451’628.98","0.10","10’451’628.98","208’949.00","50.02","France","Nyse Euronext - Euronext Paris","EUR"
"RTO","RENTOKIL INITIAL PLC","Industrials","Equity","10’394’563.06","0.10","10’394’563.06","1’931’920.00","5.38","United Kingdom","London Stock Exchange","GBP"
"EDP","EDP ENERGIAS DE PORTUGAL SA","Utilities","Equity","10’308’004.65","0.10","10’308’004.65","2’319’533.00","4.44","Portugal","Nyse Euronext - Euronext Lisbon","EUR"
"KOG","KONGSBERG GRUPPEN","Industrials","Equity","10’242’478.79","0.10","10’242’478.79","344’708.00","29.71","Norway","Oslo Bors Asa","NOK"
"UPM","UPM-KYMMENE","Materials","Equity","10’202’562.41","0.10","10’202’562.41","406’963.00","25.07","Finland","Nasdaq Omx Helsinki Ltd.","EUR"
"SRG","SNAM","Utilities","Equity","10’052’550.76","0.10","10’052’550.76","1’576’129.00","6.38","Italy","Borsa Italiana","EUR"
"SHL","SIEMENS HEALTHINEERS AG","Health Care","Equity","10’049’805.18","0.10","10’049’805.18","290’289.00","34.62","Germany","Xetra","EUR"
"FBK","FINECOBANK BANCA FINECO","Financials","Equity","9’978’963.00","0.10","9’978’963.00","474’060.00","21.05","Italy","Borsa Italiana","EUR"
"RI","PERNOD RICARD SA","Consumer Staples","Equity","9’742’780.72","0.10","9’742’780.72","151’804.00","64.18","France","Nyse Euronext - Euronext Paris","EUR"
"TIT","TELECOM ITALIA","Communication","Equity","9’635’098.94","0.09","9’635’098.94","13’253’231.00","0.73","Italy","Borsa Italiana","EUR"
"INF","INFORMA PLC","Communication","Equity","9’588’268.15","0.09","9’588’268.15","1’017’509.00","9.42","United Kingdom","London Stock Exchange","GBP"
"MONC","MONCLER","Consumer Discretionary","Equity","9’502’308.18","0.09","9’502’308.18","181’411.00","52.38","Italy","Borsa Italiana","EUR"
"DSFIR","DSM FIRMENICH AG","Materials","Equity","9’470’226.20","0.09","9’470’226.20","132’785.00","71.32","Netherlands","Euronext Amsterdam","EUR"
"BG","BAWAG GROUP AG","Financials","Equity","9’215’520.80","0.09","9’215’520.80","60’311.00","152.80","Austria","Wiener Boerse Ag","EUR"
"STMN","STRAUMANN HOLDING AG","Health Care","Equity","9’209’980.61","0.09","9’209’980.61","93’852.00","98.13","Switzerland","SIX Swiss Exchange","CHF"
"ELE","ENDESA SA","Utilities","Equity","9’150’962.54","0.09","9’150’962.54","250’163.00","36.58","Spain","Bolsa De Madrid","EUR"
"NESTE","NESTE","Energy","Equity","9’149’836.30","0.09","9’149’836.30","330’319.00","27.70","Finland","Nasdaq Omx Helsinki Ltd.","EUR"
"FGR","EIFFAGE SA","Industrials","Equity","9’142’877.45","0.09","9’142’877.45","75’281.00","121.45","France","Nyse Euronext - Euronext Paris","EUR"
"KRX","KINGSPAN GROUP PLC","Industrials","Equity","9’028’220.25","0.09","9’028’220.25","117’785.00","76.65","Ireland","Irish Stock Exchange - All Market","EUR"
"KRZ","KERRY GROUP PLC","Consumer Staples","Equity","9’029’020.70","0.09","9’029’020.70","123’179.00","73.30","Ireland","Irish Stock Exchange - All Market","EUR"
"IAG","INTERNATIONAL AIRLINES GROUP SA","Industrials","Equity","9’010’783.11","0.09","9’010’783.11","1’888’796.00","4.77","Spain","London Stock Exchange","GBP"
"PST","POSTE ITALIANE","Financials","Equity","9’008’043.47","0.09","9’008’043.47","354’229.00","25.43","Italy","Borsa Italiana","EUR"
"SPSN","SWISS PRIME SITE AG","Real Estate","Equity","8’962’622.74","0.09","8’962’622.74","62’900.00","142.49","Switzerland","SIX Swiss Exchange","CHF"
"SCHP","SCHINDLER HOLDING PAR AG","Industrials","Equity","8’878’746.60","0.09","8’878’746.60","31’084.00","285.64","Switzerland","SIX Swiss Exchange","CHF"
"AGS","AGEAS SA","Financials","Equity","8’839’659.60","0.09","8’839’659.60","128’952.00","68.55","Belgium","Nyse Euronext - Euronext Brussels","EUR"
"SN.","SMITH AND NEPHEW PLC","Health Care","Equity","8’831’810.75","0.09","8’831’810.75","673’386.00","13.12","United Kingdom","London Stock Exchange","GBP"
"ENX","EURONEXT NV","Financials","Equity","8’687’512.80","0.09","8’687’512.80","60’498.00","143.60","France","Nyse Euronext - Euronext Paris","EUR"
"CNA","CENTRICA PLC","Utilities","Equity","8’574’786.95","0.08","8’574’786.95","3’701’648.00","2.32","United Kingdom","London Stock Exchange","GBP"
"SOON","SONOVA HOLDING AG","Health Care","Equity","8’521’643.37","0.08","8’521’643.37","37’443.00","227.59","Switzerland","SIX Swiss Exchange","CHF"
"DPLM","DIPLOMA PLC","Industrials","Equity","8’449’541.96","0.08","8’449’541.96","104’172.00","81.11","United Kingdom","London Stock Exchange","GBP"
"UU.","UNITED UTILITIES GROUP PLC","Utilities","Equity","8’418’816.25","0.08","8’418’816.25","528’772.00","15.92","United Kingdom","London Stock Exchange","GBP"
"ORSTED","ORSTED A/S","Utilities","Equity","8’399’937.04","0.08","8’399’937.04","370’311.00","22.68","Denmark","Omx Nordic Exchange Copenhagen A/S","DKK"
"TELIA","TELIA COMPANY","Communication","Equity","8’368’492.16","0.08","8’368’492.16","1’826’009.00","4.58","Sweden","Nasdaq Omx Nordic","SEK"
"URW","UNIBAIL RODAMCO WE STAPLED UNITS","Real Estate","Equity","8’348’074.20","0.08","8’348’074.20","85’446.00","97.70","France","Nyse Euronext - Euronext Paris","EUR"
"KGH","KGHM POLSKA MIEDZ SA","Materials","Equity","8’299’495.98","0.08","8’299’495.98","104’929.00","79.10","Poland","Warsaw Stock Exchange/Equities/Main Market","PLN"
"CARL B","CARLSBERG AS CL B","Consumer Staples","Equity","8’292’414.94","0.08","8’292’414.94","72’085.00","115.04","Denmark","Omx Nordic Exchange Copenhagen A/S","DKK"
"SY1","SYMRISE AG","Materials","Equity","8’196’828.12","0.08","8’196’828.12","103’027.00","79.56","Germany","Xetra","EUR"
"CCH","COCA COLA HBC AG","Consumer Staples","Equity","8’172’848.48","0.08","8’172’848.48","165’031.00","49.52","United Kingdom","London Stock Exchange","GBP"
"METSO","METSO CORPORATION","Industrials","Equity","8’143’676.69","0.08","8’143’676.69","511’859.00","15.91","Finland","Nasdaq Omx Helsinki Ltd.","EUR"
"KNIN","KUEHNE UND NAGEL INTERNATIONAL AG","Industrials","Equity","8’076’299.34","0.08","8’076’299.34","41’579.00","194.24","Switzerland","SIX Swiss Exchange","CHF"
"SGRO","SEGRO REIT PLC","Real Estate","Equity","8’052’842.16","0.08","8’052’842.16","970’116.00","8.30","United Kingdom","London Stock Exchange","GBP"
"CA","CARREFOUR SA","Consumer Staples","Equity","8’042’138.64","0.08","8’042’138.64","500’133.00","16.08","France","Nyse Euronext - Euronext Paris","EUR"
"ITRK","INTERTEK GROUP PLC","Industrials","Equity","7’921’649.79","0.08","7’921’649.79","124’251.00","63.76","United Kingdom","London Stock Exchange","GBP"
"HEN3","HENKEL & KGAA PREF AG","Consumer Staples","Equity","7’888’600.02","0.08","7’888’600.02","119’633.00","65.94","Germany","Xetra","EUR"
"AKRBP","AKER BP","Energy","Equity","7’771’385.24","0.08","7’771’385.24","241’402.00","32.19","Norway","Oslo Bors Asa","NOK"
"LISP","CHOCOLADEFABRIKEN LINDT & SPRUENGL","Consumer Staples","Equity","7’769’621.97","0.08","7’769’621.97","769.00","10’103.50","Switzerland","SIX Swiss Exchange","CHF"
"ADM","ADMIRAL GROUP PLC","Financials","Equity","7’752’133.27","0.08","7’752’133.27","198’923.00","38.97","United Kingdom","London Stock Exchange","GBP"
"PEO","BANK PEKAO SA","Financials","Equity","7’656’295.27","0.07","7’656’295.27","133’600.00","57.31","Poland","Warsaw Stock Exchange/Equities/Main Market","PLN"
"SOBI","SWEDISH ORPHAN BIOVITRUM","Health Care","Equity","7’586’112.74","0.07","7’586’112.74","187’248.00","40.51","Sweden","Nasdaq Omx Nordic","SEK"
"ASRNL","ASR NEDERLAND NV","Financials","Equity","7’489’975.54","0.07","7’489’975.54","112’699.00","66.46","Netherlands","Euronext Amsterdam","EUR"
"SGE","THE SAGE GROUP PLC","Information Technology","Equity","7’469’743.47","0.07","7’469’743.47","736’949.00","10.14","United Kingdom","London Stock Exchange","GBP"
"SMIN","SMITHS GROUP PLC","Industrials","Equity","7’438’104.80","0.07","7’438’104.80","256’825.00","28.96","United Kingdom","London Stock Exchange","GBP"
"AGN","AEGON LTD","Financials","Equity","7’289’616.86","0.07","7’289’616.86","965’768.00","7.55","Netherlands","Euronext Amsterdam","EUR"
"FORTUM","FORTUM","Utilities","Equity","7’275’369.53","0.07","7’275’369.53","351’637.00","20.69","Finland","Nasdaq Omx Helsinki Ltd.","EUR"
"TEL","TELENOR","Communication","Equity","7’268’514.93","0.07","7’268’514.93","513’301.00","14.16","Norway","Oslo Bors Asa","NOK"
"AC","ACCOR SA","Consumer Discretionary","Equity","7’243’712.38","0.07","7’243’712.38","159’518.00","45.41","France","Nyse Euronext - Euronext Paris","EUR"
"SVT","SEVERN TRENT PLC","Utilities","Equity","7’203’297.33","0.07","7’203’297.33","198’514.00","36.29","United Kingdom","London Stock Exchange","GBP"
"TEL2 B","TELE2 B","Communication","Equity","7’025’734.39","0.07","7’025’734.39","424’594.00","16.55","Sweden","Nasdaq Omx Nordic","SEK"
"WISE","WISE PLC CLASS A","Financials","Equity","7’003’155.28","0.07","7’003’155.28","641’147.00","10.92","United Kingdom","London Stock Exchange","GBP"
"BKT","BANKINTER SA","Financials","Equity","7’004’073.55","0.07","7’004’073.55","493’071.00","14.21","Spain","Bolsa De Madrid","EUR"
"BCP","BANCO COMERCIAL PORTUGUES SA","Financials","Equity","6’974’694.71","0.07","6’974’694.71","7’086’664.00","0.98","Portugal","Nyse Euronext - Euronext Lisbon","EUR"
"BEZ","BEAZLEY PLC","Financials","Equity","6’919’459.41","0.07","6’919’459.41","466’648.00","14.83","United Kingdom","London Stock Exchange","GBP"
"AKZA","AKZO NOBEL NV","Materials","Equity","6’915’150.84","0.07","6’915’150.84","131’667.00","52.52","Netherlands","Euronext Amsterdam","EUR"
"BNZL","BUNZL","Industrials","Equity","6’883’915.43","0.07","6’883’915.43","252’306.00","27.28","United Kingdom","London Stock Exchange","GBP"
"BVI","BUREAU VERITAS SA","Industrials","Equity","6’762’881.34","0.07","6’762’881.34","261’519.00","25.86","France","Nyse Euronext - Euronext Paris","EUR"
"UNI","UNIPOL ASSICURAZIONI SPA","Financials","Equity","6’745’991.72","0.07","6’745’991.72","310’732.00","21.71","Italy","Borsa Italiana","EUR"
"HOT","HOCHTIEF AG","Industrials","Equity","6’741’152.00","0.07","6’741’152.00","13’928.00","484.00","Germany","Xetra","EUR"
"PZU","PZU SA","Financials","Equity","6’703’647.53","0.07","6’703’647.53","438’979.00","15.27","Poland","Warsaw Stock Exchange/Equities/Main Market","PLN"
"OMV","OMV AG","Energy","Equity","6’674’321.20","0.07","6’674’321.20","106’279.00","62.80","Austria","Wiener Boerse Ag","EUR"
"ACLN","ACCELLERON N AG","Industrials","Equity","6’641’437.63","0.07","6’641’437.63","74’956.00","88.60","Switzerland","SIX Swiss Exchange","CHF"
"EVO","EVOLUTION","Consumer Discretionary","Equity","6’596’606.05","0.06","6’596’606.05","102’260.00","64.51","Sweden","Nasdaq Omx Nordic","SEK"
"BEAN","BELIMO N AG","Industrials","Equity","6’565’418.05","0.06","6’565’418.05","7’442.00","882.21","Switzerland","SIX Swiss Exchange","CHF"
"NTGY","NATURGY ENERGY GROUP SA","Utilities","Equity","6’559’584.54","0.06","6’559’584.54","219’091.00","29.94","Spain","Bolsa De Madrid","EUR"
"TEN","TENARIS SA","Energy","Equity","6’539’835.56","0.06","6’539’835.56","243’388.00","26.87","Italy","Borsa Italiana","EUR"
"IMI","IMI PLC","Industrials","Equity","6’471’308.54","0.06","6’471’308.54","200’028.00","32.35","United Kingdom","London Stock Exchange","GBP"
"MNG","M&G PLC","Financials","Equity","6’453’124.43","0.06","6’453’124.43","1’768’813.00","3.65","United Kingdom","London Stock Exchange","GBP"
"DHER","DELIVERY HERO","Consumer Discretionary","Equity","6’451’371.25","0.06","6’451’371.25","166’487.00","38.75","Germany","Xetra","EUR"
"INDU C","INDUSTRIVARDEN SERIES","Financials","Equity","6’444’607.48","0.06","6’444’607.48","138’502.00","46.53","Sweden","Nasdaq Omx Nordic","SEK"
"GALP","GALP ENERGIA SGPS SA CLASS B","Energy","Equity","6’437’394.01","0.06","6’437’394.01","334’063.00","19.27","Portugal","Nyse Euronext - Euronext Lisbon","EUR"
"SPIE","SPIE SA","Industrials","Equity","6’438’061.00","0.06","6’438’061.00","131’389.00","49.00","France","Nyse Euronext - Euronext Paris","EUR"
"RXL","REXEL SA","Industrials","Equity","6’383’492.70","0.06","6’383’492.70","172’294.00","37.05","France","Nyse Euronext - Euronext Paris","EUR"
"NKT","NKT","Industrials","Equity","6’383’492.73","0.06","6’383’492.73","42’973.00","148.55","Denmark","Omx Nordic Exchange Copenhagen A/S","DKK"
"PSON","PEARSON PLC","Consumer Discretionary","Equity","6’382’863.32","0.06","6’382’863.32","490’778.00","13.01","United Kingdom","London Stock Exchange","GBP"
"MOWI","MOWI","Consumer Staples","Equity","6’359’968.22","0.06","6’359’968.22","338’074.00","18.81","Norway","Oslo Bors Asa","NOK"
"IGG","IG GROUP HOLDINGS PLC","Financials","Equity","6’345’720.21","0.06","6’345’720.21","297’249.00","21.35","United Kingdom","London Stock Exchange","GBP"
"COLO B","COLOPLAST B","Health Care","Equity","6’317’079.55","0.06","6’317’079.55","116’841.00","54.07","Denmark","Omx Nordic Exchange Copenhagen A/S","DKK"
"ADDT B","ADDTECH CLASS B","Industrials","Equity","6’297’062.97","0.06","6’297’062.97","196’753.00","32.00","Sweden","Nasdaq Omx Nordic","SEK"
"G1A","GEA GROUP AG","Industrials","Equity","6’281’948.40","0.06","6’281’948.40","115’054.00","54.60","Germany","Xetra","EUR"
"MKS","MARKS AND SPENCER GROUP PLC","Consumer Staples","Equity","6’261’159.42","0.06","6’261’159.42","1’552’701.00","4.03","United Kingdom","London Stock Exchange","GBP"
"ORNBV","ORION CLASS B","Health Care","Equity","6’207’033.00","0.06","6’207’033.00","87’423.00","71.00","Finland","Nasdaq Omx Helsinki Ltd.","EUR"
"SKA B","SKANSKA B","Industrials","Equity","6’178’238.28","0.06","6’178’238.28","267’251.00","23.12","Sweden","Nasdaq Omx Nordic","SEK"
"TREL B","TRELLEBORG B","Industrials","Equity","6’079’883.49","0.06","6’079’883.49","165’363.00","36.77","Sweden","Nasdaq Omx Nordic","SEK"
"YAR","YARA INTERNATIONAL","Materials","Equity","6’077’611.63","0.06","6’077’611.63","126’065.00","48.21","Norway","Oslo Bors Asa","NOK"
"GAW","GAMES WORKSHOP GROUP PLC","Consumer Discretionary","Equity","6’065’355.48","0.06","6’065’355.48","25’397.00","238.82","United Kingdom","London Stock Exchange","GBP"
"CON","CONTINENTAL AG","Consumer Discretionary","Equity","6’029’173.08","0.06","6’029’173.08","87’354.00","69.02","Germany","Xetra","EUR"
"GBP","GBP CASH","Cash and/or Derivatives","Cash","6’026’767.40","0.06","6’026’767.40","5’208’591.00","115.71","United Kingdom","-","GBP"
"WEIR","WEIR GROUP PLC","Industrials","Equity","6’006’862.48","0.06","6’006’862.48","210’348.00","28.56","United Kingdom","London Stock Exchange","GBP"
"LI","KLEPIERRE REIT SA","Real Estate","Equity","5’963’878.20","0.06","5’963’878.20","173’874.00","34.30","France","Nyse Euronext - Euronext Paris","EUR"
"GTT","GAZTRANSPORT & TECHNIGAZ SA","Energy","Equity","5’946’702.00","0.06","5’946’702.00","28’645.00","207.60","France","Nyse Euronext - Euronext Paris","EUR"
"SKF B","SKF B","Industrials","Equity","5’898’467.38","0.06","5’898’467.38","261’946.00","22.52","Sweden","Nasdaq Omx Nordic","SEK"
"SDLF","STANDARD LIFE PLC","Financials","Equity","5’861’808.48","0.06","5’861’808.48","636’036.00","9.22","United Kingdom","London Stock Exchange","GBP"
"ABVX","ABIVAX SA","Health Care","Equity","5’729’583.60","0.06","5’729’583.60","52’182.00","109.80","France","Nyse Euronext - Euronext Paris","EUR"
"HSX","HISCOX LTD","Financials","Equity","5’659’317.92","0.06","5’659’317.92","269’478.00","21.00","United Kingdom","London Stock Exchange","GBP"
"SECU B","SECURITAS B","Industrials","Equity","5’618’863.34","0.06","5’618’863.34","384’133.00","14.63","Sweden","Nasdaq Omx Nordic","SEK"
"FME","FRESENIUS MEDICAL CARE AG","Health Care","Equity","5’618’475.59","0.05","5’618’475.59","150’589.00","37.31","Germany","Xetra","EUR"
"ORK","ORKLA","Consumer Staples","Equity","5’616’302.39","0.05","5’616’302.39","580’469.00","9.68","Norway","Oslo Bors Asa","NOK"
"ALE","ALLEGRO SA","Consumer Discretionary","Equity","5’598’297.26","0.05","5’598’297.26","689’650.00","8.12","Poland","Warsaw Stock Exchange/Equities/Main Market","PLN"
"STJ","ST JAMESS PLACE PLC","Financials","Equity","5’596’479.38","0.05","5’596’479.38","399’894.00","13.99","United Kingdom","London Stock Exchange","GBP"
"PSPN","PSP SWISS PROPERTY AG","Real Estate","Equity","5’565’640.77","0.05","5’565’640.77","34’640.00","160.67","Switzerland","SIX Swiss Exchange","CHF"
"ERF","EUROFINS SCIENTIFIC","Health Care","Equity","5’563’636.24","0.05","5’563’636.24","89’794.00","61.96","France","Nyse Euronext - Euronext Paris","EUR"
"KBX","KNORR BREMSE AG","Industrials","Equity","5’545’162.00","0.05","5’545’162.00","54’740.00","101.30","Germany","Xetra","EUR"
"HEIO","HEINEKEN HOLDING NV","Consumer Staples","Equity","5’545’634.50","0.05","5’545’634.50","89’015.00","62.30","Netherlands","Euronext Amsterdam","EUR"
"SUBC","SUBSEA SA","Energy","Equity","5’511’758.10","0.05","5’511’758.10","188’921.00","29.17","Norway","Oslo Bors Asa","NOK"
"HM B","HENNES & MAURITZ","Consumer Discretionary","Equity","5’459’204.93","0.05","5’459’204.93","365’719.00","14.93","Sweden","Nasdaq Omx Nordic","SEK"
"STB","STOREBRAND","Financials","Equity","5’417’738.83","0.05","5’417’738.83","322’356.00","16.81","Norway","Oslo Bors Asa","NOK"
"BNR","BRENNTAG","Industrials","Equity","5’408’475.76","0.05","5’408’475.76","94’819.00","57.04","Germany","Xetra","EUR"
"MAERSK B","A P MOLLER MAERSK B","Industrials","Equity","5’394’824.15","0.05","5’394’824.15","2’660.00","2’028.13","Denmark","Omx Nordic Exchange Copenhagen A/S","DKK"
"SDR","SCHRODERS PLC","Financials","Equity","5’357’376.82","0.05","5’357’376.82","794’181.00","6.75","United Kingdom","London Stock Exchange","GBP"
"DCC","DCC PLC","Energy","Equity","5’353’719.89","0.05","5’353’719.89","75’665.00","70.76","United Kingdom","London Stock Exchange","GBP"
"MICC","MAGNUM ICE CREAM NV","Consumer Staples","Equity","5’330’391.82","0.05","5’330’391.82","395’371.00","13.48","Netherlands","Euronext Amsterdam","EUR"
"MRO","MELROSE INDUSTRIES PLC","Industrials","Equity","5’260’232.48","0.05","5’260’232.48","942’787.00","5.58","United Kingdom","London Stock Exchange","GBP"
"UHR","THE SWATCH GROUP AG","Consumer Discretionary","Equity","5’254’199.84","0.05","5’254’199.84","23’288.00","225.62","Switzerland","SIX Swiss Exchange","CHF"
"ELI","ELIA GROUP SA","Utilities","Equity","5’178’756.10","0.05","5’178’756.10","37’177.00","139.30","Belgium","Nyse Euronext - Euronext Brussels","EUR"
"GBLB","GROUPE BRUXELLES LAMBERT NV","Financials","Equity","5’158’614.90","0.05","5’158’614.90","64’122.00","80.45","Belgium","Nyse Euronext - Euronext Brussels","EUR"
"FRES","FRESNILLO PLC","Materials","Equity","5’138’738.16","0.05","5’138’738.16","136’022.00","37.78","United Kingdom","London Stock Exchange","GBP"
"AED","AEDIFICA NV","Real Estate","Equity","5’106’772.50","0.05","5’106’772.50","71’674.00","71.25","Belgium","Nyse Euronext - Euronext Brussels","EUR"
"LPP","LPP SA","Consumer Discretionary","Equity","5’084’079.71","0.05","5’084’079.71","977.00","5’203.77","Poland","Warsaw Stock Exchange/Equities/Main Market","PLN"
"TLX","TALANX AG","Financials","Equity","5’053’232.80","0.05","5’053’232.80","46’876.00","107.80","Germany","Xetra","EUR"
"TPRO","TECHNOPROBE SPA","Information Technology","Equity","5’016’829.02","0.05","5’016’829.02","156’093.00","32.14","Italy","Borsa Italiana","EUR"
"TRYG","TRYG","Financials","Equity","5’012’640.61","0.05","5’012’640.61","243’066.00","20.62","Denmark","Omx Nordic Exchange Copenhagen A/S","DKK"
"NEX","NEXANS SA","Industrials","Equity","5’000’712.00","0.05","5’000’712.00","30’945.00","161.60","France","Nyse Euronext - Euronext Paris","EUR"
"IG","ITALGAS","Utilities","Equity","4’996’281.60","0.05","4’996’281.60","487’680.00","10.24","Italy","Borsa Italiana","EUR"
"BEI","BEIERSDORF AG","Consumer Staples","Equity","4’986’889.44","0.05","4’986’889.44","69’494.00","71.76","Germany","Xetra","EUR"
"RBI","RAIFFEISEN BANK INTERNATIONAL AG","Financials","Equity","4’941’951.30","0.05","4’941’951.30","104’481.00","47.30","Austria","Wiener Boerse Ag","EUR"
"LTMC","LOTTOMATICA GROUP","Consumer Discretionary","Equity","4’899’136.17","0.05","4’899’136.17","194’179.00","25.23","Italy","Borsa Italiana","EUR"
"ELISA","ELISA","Communication","Equity","4’895’046.00","0.05","4’895’046.00","119’275.00","41.04","Finland","Nasdaq Omx Helsinki Ltd.","EUR"
"KCR","KONECRANES","Industrials","Equity","4’872’703.18","0.05","4’872’703.18","173’653.00","28.06","Finland","Nasdaq Omx Helsinki Ltd.","EUR"
"QIA","QIAGEN NV","Health Care","Equity","4’863’220.53","0.05","4’863’220.53","160’027.00","30.39","Germany","Deutsche Boerse Xetra","EUR"
"ICG","ICG PLC","Financials","Equity","4’853’358.11","0.05","4’853’358.11","220’530.00","22.01","United Kingdom","London Stock Exchange","GBP"
"ANA","ACCIONA SA","Utilities","Equity","4’829’208.00","0.05","4’829’208.00","18’660.00","258.80","Spain","Bolsa De Madrid","EUR"
"BAB","BABCOCK INTERNATIONAL GROUP PLC","Industrials","Equity","4’828’094.90","0.05","4’828’094.90","392’535.00","12.30","United Kingdom","London Stock Exchange","GBP"
"ABF","ASSOCIATED BRITISH FOODS PLC","Consumer Staples","Equity","4’824’472.69","0.05","4’824’472.69","227’718.00","21.19","United Kingdom","London Stock Exchange","GBP"
"SBRY","SAINSBURY(J) PLC","Consumer Staples","Equity","4’821’557.38","0.05","4’821’557.38","1’352’482.00","3.56","United Kingdom","London Stock Exchange","GBP"
"PNDORA","PANDORA","Consumer Discretionary","Equity","4’804’050.28","0.05","4’804’050.28","62’193.00","77.24","Denmark","Omx Nordic Exchange Copenhagen A/S","DKK"
"KGF","KINGFISHER PLC","Consumer Discretionary","Equity","4’767’044.27","0.05","4’767’044.27","1’386’233.00","3.44","United Kingdom","London Stock Exchange","GBP"
"ALO","ALSTOM SA","Industrials","Equity","4’755’699.58","0.05","4’755’699.58","275’533.00","17.26","France","Nyse Euronext - Euronext Paris","EUR"
"TKA","THYSSENKRUPP AG","Materials","Equity","4’742’963.64","0.05","4’742’963.64","416’232.00","11.40","Germany","Xetra","EUR"
"EBP","ERSTE BANK POLSKA SA","Financials","Equity","4’734’111.25","0.05","4’734’111.25","32’669.00","144.91","Poland","Warsaw Stock Exchange/Equities/Main Market","PLN"
"SPX","SPIRAX GROUP PLC","Industrials","Equity","4’717’594.66","0.05","4’717’594.66","58’664.00","80.42","United Kingdom","London Stock Exchange","GBP"
"EXO","EXOR NV","Financials","Equity","4’712’230.00","0.05","4’712’230.00","71’128.00","66.25","Netherlands","Euronext Amsterdam","EUR"
"LIFCO B","LIFCO CLASS B","Industrials","Equity","4’643’418.61","0.05","4’643’418.61","169’184.00","27.45","Sweden","Nasdaq Omx Nordic","SEK"
"IPN","IPSEN SA","Health Care","Equity","4’606’033.20","0.05","4’606’033.20","28’538.00","161.40","France","Nyse Euronext - Euronext Paris","EUR"
"AIXA","AIXTRON","Information Technology","Equity","4’582’628.08","0.04","4’582’628.08","86’858.00","52.76","Germany","Xetra","EUR"
"STERV","STORA ENSO CLASS R","Materials","Equity","4’527’734.84","0.04","4’527’734.84","456’609.00","9.92","Finland","Nasdaq Omx Helsinki Ltd.","EUR"
"RNO","RENAULT SA","Consumer Discretionary","Equity","4’517’561.16","0.04","4’517’561.16","157’626.00","28.66","France","Nyse Euronext - Euronext Paris","EUR"
"SPM","SAIPEM","Energy","Equity","4’439’048.16","0.04","4’439’048.16","1’038’131.00","4.28","Italy","Borsa Italiana","EUR"
"ISS","ISS A S","Industrials","Equity","4’397’699.88","0.04","4’397’699.88","123’632.00","35.57","Denmark","Omx Nordic Exchange Copenhagen A/S","DKK"
"KESKOB","KESKO CLASS B","Consumer Staples","Equity","4’376’895.04","0.04","4’376’895.04","212’884.00","20.56","Finland","Nasdaq Omx Helsinki Ltd.","EUR"
"SRT3","SARTORIUS PREF AG","Health Care","Equity","4’369’915.00","0.04","4’369’915.00","18’755.00","233.00","Germany","Xetra","EUR"
"SQN","SWISSQUOTE GROUP HOLDING SA","Financials","Equity","4’368’909.41","0.04","4’368’909.41","9’668.00","451.89","Switzerland","SIX Swiss Exchange","CHF"
"REC","RECORDATI INDUSTRIA CHIMICA E FARM","Health Care","Equity","4’331’105.10","0.04","4’331’105.10","84’427.00","51.30","Italy","Borsa Italiana","EUR"
"ACKB","ACKERMANS & VAN HAAREN NV","Industrials","Equity","4’300’641.60","0.04","4’300’641.60","15’537.00","276.80","Belgium","Nyse Euronext - Euronext Brussels","EUR"
"MRL","MERLIN PROPERTIES REIT SA","Real Estate","Equity","4’296’077.73","0.04","4’296’077.73","284’697.00","15.09","Spain","Bolsa De Madrid","EUR"
"AM","DASSAULT AVIATION SA","Industrials","Equity","4’282’156.00","0.04","4’282’156.00","14’585.00","293.60","France","Nyse Euronext - Euronext Paris","EUR"
"SCA B","SVENSKA CELLULOSA B","Materials","Equity","4’278’841.00","0.04","4’278’841.00","463’185.00","9.24","Sweden","Nasdaq Omx Nordic","SEK"
"EDEN","EDENRED","Financials","Equity","4’264’472.05","0.04","4’264’472.05","187’945.00","22.69","France","Nyse Euronext - Euronext Paris","EUR"
"AVOL","AVOLTA AG","Consumer Discretionary","Equity","4’235’844.20","0.04","4’235’844.20","81’835.00","51.76","Switzerland","SIX Swiss Exchange","CHF"
"LAND","LAND SECURITIES GROUP REIT PLC","Real Estate","Equity","4’235’108.75","0.04","4’235’108.75","573’244.00","7.39","United Kingdom","London Stock Exchange","GBP"
"NDA","AURUBIS AG","Materials","Equity","4’231’453.80","0.04","4’231’453.80","20’561.00","205.80","Germany","Xetra","EUR"
"UMI","UMICORE SA","Materials","Equity","4’211’618.50","0.04","4’211’618.50","158’929.00","26.50","Belgium","Nyse Euronext - Euronext Brussels","EUR"
"GET","GETLINK","Industrials","Equity","4’191’589.50","0.04","4’191’589.50","226’450.00","18.51","France","Nyse Euronext - Euronext Paris","EUR"
"G24","SCOUT24 N","Communication","Equity","4’190’955.30","0.04","4’190’955.30","58’986.00","71.05","Germany","Xetra","EUR"
"SSAB B","SSAB CLASS B","Materials","Equity","4’154’405.13","0.04","4’154’405.13","485’824.00","8.55","Sweden","Nasdaq Omx Nordic","SEK"
"BBY","BALFOUR BEATTY PLC","Industrials","Equity","4’129’431.21","0.04","4’129’431.21","446’942.00","9.24","United Kingdom","London Stock Exchange","GBP"
"PAH3","PORSCHE AUTOMOBIL HOLDING PREF","Consumer Discretionary","Equity","4’121’871.68","0.04","4’121’871.68","126’944.00","32.47","Germany","Xetra","EUR"
"RILBA","RINGKJOBING LANDBOBANK","Financials","Equity","4’108’531.77","0.04","4’108’531.77","19’617.00","209.44","Denmark","Omx Nordic Exchange Copenhagen A/S","DKK"
"ZAL","ZALANDO","Consumer Discretionary","Equity","4’096’821.56","0.04","4’096’821.56","183’221.00","22.36","Germany","Xetra","EUR"
"VOE","VOESTALPINE AG","Materials","Equity","4’063’083.98","0.04","4’063’083.98","85’973.00","47.26","Austria","Wiener Boerse Ag","EUR"
"AMUN","AMUNDI SA","Financials","Equity","4’061’250.90","0.04","4’061’250.90","47’169.00","86.10","France","Nyse Euronext - Euronext Paris","EUR"
"SAVE","NORDNET","Financials","Equity","4’055’060.34","0.04","4’055’060.34","134’620.00","30.12","Sweden","Nasdaq Omx Nordic","SEK"
"IMCD","IMCD NV","Industrials","Equity","4’034’042.36","0.04","4’034’042.36","44’654.00","90.34","Netherlands","Euronext Amsterdam","EUR"
"JMT","JERONIMO MARTINS SA","Consumer Staples","Equity","4’031’605.80","0.04","4’031’605.80","216’753.00","18.60","Portugal","Nyse Euronext - Euronext Lisbon","EUR"
"NDX1","NORDEX","Industrials","Equity","3’970’180.00","0.04","3’970’180.00","93’416.00","42.50","Germany","Xetra","EUR"
"JYSK","JYSKE BANK","Financials","Equity","3’936’555.10","0.04","3’936’555.10","32’078.00","122.72","Denmark","Omx Nordic Exchange Copenhagen A/S","DKK"
"ALSYDB","AL SYDBANK","Financials","Equity","3’933’242.11","0.04","3’933’242.11","53’780.00","73.14","Denmark","Omx Nordic Exchange Copenhagen A/S","DKK"
"EMSN","EMS-CHEMIE HOLDING AG","Materials","Equity","3’897’905.06","0.04","3’897’905.06","5’188.00","751.33","Switzerland","SIX Swiss Exchange","CHF"
"ABDN","ABERDEEN GROUP PLC","Financials","Equity","3’869’072.65","0.04","3’869’072.65","1’351’584.00","2.86","United Kingdom","London Stock Exchange","GBP"
"HAG","HENSOLDT AG","Industrials","Equity","3’847’416.54","0.04","3’847’416.54","44’727.00","86.02","Germany","Xetra","EUR"
"LHA","DEUTSCHE LUFTHANSA AG","Industrials","Equity","3’847’436.80","0.04","3’847’436.80","473’939.00","8.12","Germany","Xetra","EUR"
"NIBE B","NIBE INDUSTRIER CLASS B","Industrials","Equity","3’844’397.64","0.04","3’844’397.64","1’096’821.00","3.51","Sweden","Nasdaq Omx Nordic","SEK"
"HUBN","HUBER & SUHNER AG","Industrials","Equity","3’832’868.93","0.04","3’832’868.93","12’819.00","299.00","Switzerland","SIX Swiss Exchange","CHF"
"FRO","FRONTLINE PLC","Energy","Equity","3’813’397.07","0.04","3’813’397.07","120’259.00","31.71","Norway","Oslo Bors Asa","NOK"
"CAST","CASTELLUM","Real Estate","Equity","3’806’362.14","0.04","3’806’362.14","328’254.00","11.60","Sweden","Nasdaq Omx Nordic","SEK"
"SCR","SCOR","Financials","Equity","3’785’477.76","0.04","3’785’477.76","118’816.00","31.86","France","Nyse Euronext - Euronext Paris","EUR"
"LEG","LEG IMMOBILIEN N","Real Estate","Equity","3’774’085.00","0.04","3’774’085.00","63’430.00","59.50","Germany","Xetra","EUR"
"TE","TECHNIP ENERGIES NV","Energy","Equity","3’756’657.88","0.04","3’756’657.88","100’231.00","37.48","France","Nyse Euronext - Euronext Paris","EUR"
"ANDR","ANDRITZ AG","Industrials","Equity","3’751’282.60","0.04","3’751’282.60","48’217.00","77.80","Austria","Wiener Boerse Ag","EUR"
"P911","DR ING HC F PORSCHE PRF AG","Consumer Discretionary","Equity","3’743’795.76","0.04","3’743’795.76","81’957.00","45.68","Germany","Xetra","EUR"
"FHZN","FLUGHAFEN ZUERICH AG","Industrials","Equity","3’740’075.18","0.04","3’740’075.18","15’070.00","248.18","Switzerland","SIX Swiss Exchange","CHF"
"DIM","SARTORIUS STEDIM BIOTECH SA","Health Care","Equity","3’728’637.20","0.04","3’728’637.20","21’716.00","171.70","France","Nyse Euronext - Euronext Paris","EUR"
"SYENS","SYENSQO NV","Materials","Equity","3’717’176.50","0.04","3’717’176.50","55’274.00","67.25","Belgium","Nyse Euronext - Euronext Brussels","EUR"
"BEIJ B","BEIJER REF CLASS B","Industrials","Equity","3’714’253.57","0.04","3’714’253.57","312’963.00","11.87","Sweden","Nasdaq Omx Nordic","SEK"
"BRBY","BURBERRY GROUP PLC","Consumer Discretionary","Equity","3’711’642.92","0.04","3’711’642.92","277’488.00","13.38","United Kingdom","London Stock Exchange","GBP"
"INDT","INDUTRADE","Industrials","Equity","3’686’563.80","0.04","3’686’563.80","199’735.00","18.46","Sweden","Nasdaq Omx Nordic","SEK"
"WTB","WHITBREAD PLC","Consumer Discretionary","Equity","3’683’696.61","0.04","3’683’696.61","131’337.00","28.05","United Kingdom","London Stock Exchange","GBP"
"MSIFT","CASH COLLATERAL EUR MSIFT","Cash and/or Derivatives","Cash Collateral and Margins","3’663’000.00","0.04","3’663’000.00","3’663’000.00","100.00","European Union","-","EUR"
"BLND","BRITISH LAND REIT PLC","Real Estate","Equity","3’657’754.89","0.04","3’657’754.89","783’248.00","4.67","United Kingdom","London Stock Exchange","GBP"
"HWDN","HOWDEN JOINERY GROUP PLC","Industrials","Equity","3’641’004.41","0.04","3’641’004.41","410’530.00","8.87","United Kingdom","London Stock Exchange","GBP"
"GJF","GJENSIDIGE FORSIKRING","Financials","Equity","3’624’624.08","0.04","3’624’624.08","151’066.00","23.99","Norway","Oslo Bors Asa","NOK"
"GALE","GALENICA AG","Health Care","Equity","3’604’186.40","0.04","3’604’186.40","39’529.00","91.18","Switzerland","SIX Swiss Exchange","CHF"
"USD","USD CASH","Cash and/or Derivatives","Cash","3’564’466.57","0.03","3’564’466.57","4’143’514.00","86.03","United States","-","USD"
"IDR","INDRA SISTEMAS SA","Information Technology","Equity","3’561’312.48","0.03","3’561’312.48","65’804.00","54.12","Spain","Bolsa De Madrid","EUR"
"SBMO","SBM OFFSHORE NV","Energy","Equity","3’548’140.44","0.03","3’548’140.44","101’841.00","34.84","Netherlands","Euronext Amsterdam","EUR"
"ELIS","ELIS SA","Industrials","Equity","3’535’067.12","0.03","3’535’067.12","132’004.00","26.78","France","Nyse Euronext - Euronext Paris","EUR"
"INPST","INPOST SA","Industrials","Equity","3’498’012.19","0.03","3’498’012.19","227’587.00","15.37","Netherlands","Euronext Amsterdam","EUR"
"CTEC","CONVATEC GROUP PLC","Health Care","Equity","3’496’392.08","0.03","3’496’392.08","1’501’855.00","2.33","United Kingdom","London Stock Exchange","GBP"
"LOTB","LOTUS BAKERIES NV","Consumer Staples","Equity","3’490’480.00","0.03","3’490’480.00","322.00","10’840.00","Belgium","Nyse Euronext - Euronext Brussels","EUR"
"BARN","BARRY CALLEBAUT AG","Consumer Staples","Equity","3’479’569.24","0.03","3’479’569.24","2’672.00","1’302.23","Switzerland","SIX Swiss Exchange","CHF"
"ALK B","ALK-ABELLO CLASS B","Health Care","Equity","3’473’955.82","0.03","3’473’955.82","98’853.00","35.14","Denmark","Omx Nordic Exchange Copenhagen A/S","DKK"
"VK","VALLOUREC SA","Energy","Equity","3’453’285.12","0.03","3’453’285.12","139’696.00","24.72","France","Nyse Euronext - Euronext Paris","EUR"
"EDPR","EDP RENEWABLES SA","Utilities","Equity","3’448’796.76","0.03","3’448’796.76","238’506.00","14.46","Portugal","Nyse Euronext - Euronext Lisbon","EUR"
"LAGR B","LAGERCRANTZ GROUP CLASS B","Information Technology","Equity","3’449’346.47","0.03","3’449’346.47","143’315.00","24.07","Sweden","Nasdaq Omx Nordic","SEK"
"BGEO","LION FINANCE GROUP PLC","Financials","Equity","3’349’371.67","0.03","3’349’371.67","26’581.00","126.01","United Kingdom","London Stock Exchange","GBP"
"RED","REDEIA CORPORACION SA","Utilities","Equity","3’346’802.31","0.03","3’346’802.31","223’269.00","14.99","Spain","Bolsa De Madrid","EUR"
"CRDA","CRODA INTERNATIONAL PLC","Materials","Equity","3’341’976.47","0.03","3’341’976.47","96’695.00","34.56","United Kingdom","London Stock Exchange","GBP"
"AUTO","AUTOTRADER GROUP PLC","Communication","Equity","3’342’393.84","0.03","3’342’393.84","657’705.00","5.08","United Kingdom","London Stock Exchange","GBP"
"BMED","BANCA MEDIOLANUM","Financials","Equity","3’323’277.45","0.03","3’323’277.45","165’915.00","20.03","Italy","Borsa Italiana","EUR"
"R3NK","RENK GROUP AG","Industrials","Equity","3’322’029.09","0.03","3’322’029.09","64’343.00","51.63","Germany","Xetra","EUR"
"TUB","FINANCIERE DE TUBIZE SA","Health Care","Equity","3’301’365.60","0.03","3’301’365.60","15’676.00","210.60","Belgium","Nyse Euronext - Euronext Brussels","EUR"
"SIGN","SIG GROUP N AG","Materials","Equity","3’289’989.27","0.03","3’289’989.27","258’290.00","12.74","Switzerland","SIX Swiss Exchange","CHF"
"TEP","TELEPERFORMANCE","Industrials","Equity","3’266’732.48","0.03","3’266’732.48","50’852.00","64.24","France","Nyse Euronext - Euronext Paris","EUR"
"JMAT","JOHNSON MATTHEY PLC","Materials","Equity","3’258’327.48","0.03","3’258’327.48","127’305.00","25.59","United Kingdom","London Stock Exchange","GBP"
"BTRW","BARRATT REDROW PLC","Consumer Discretionary","Equity","3’256’162.22","0.03","3’256’162.22","1’086’531.00","3.00","United Kingdom","London Stock Exchange","GBP"
"AAK","AAK","Consumer Staples","Equity","3’248’112.27","0.03","3’248’112.27","141’236.00","23.00","Sweden","Nasdaq Omx Nordic","SEK"
"WDP","WAREHOUSES DE PAUW NV","Real Estate","Equity","3’236’987.00","0.03","3’236’987.00","146’470.00","22.10","Belgium","Nyse Euronext - Euronext Brussels","EUR"
"AKE","ARKEMA SA","Materials","Equity","3’233’625.40","0.03","3’233’625.40","54’484.00","59.35","France","Nyse Euronext - Euronext Paris","EUR"
"AZA","AVANZA BANK HOLDING","Financials","Equity","3’228’607.96","0.03","3’228’607.96","99’191.00","32.55","Sweden","Nasdaq Omx Nordic","SEK"
"LMP","LONDONMETRIC PROPERTY REIT PLC","Real Estate","Equity","3’210’688.13","0.03","3’210’688.13","1’470’490.00","2.18","United Kingdom","London Stock Exchange","GBP"
"MYCR","MYCRONIC","Information Technology","Equity","3’204’926.08","0.03","3’204’926.08","111’594.00","28.72","Sweden","Nasdaq Omx Nordic","SEK"
"SB1NO","SPAREBANK SR-NORGE","Financials","Equity","3’189’895.96","0.03","3’189’895.96","179’862.00","17.74","Norway","Oslo Bors Asa","NOK"
"AYV","AYVENS SA","Industrials","Equity","3’165’874.06","0.03","3’165’874.06","280’414.00","11.29","France","Nyse Euronext - Euronext Paris","EUR"
"EVK","EVONIK INDUSTRIES AG","Materials","Equity","3’159’979.73","0.03","3’159’979.73","183’613.00","17.21","Germany","Xetra","EUR"
"DIE","DIETEREN (D) SA","Consumer Discretionary","Equity","3’153’959.50","0.03","3’153’959.50","18’455.00","170.90","Belgium","Nyse Euronext - Euronext Brussels","EUR"
"SALM","SALMAR","Consumer Staples","Equity","3’144’810.93","0.03","3’144’810.93","57’017.00","55.16","Norway","Oslo Bors Asa","NOK"
"PSN","PERSIMMON PLC","Consumer Discretionary","Equity","3’111’004.65","0.03","3’111’004.65","243’098.00","12.80","United Kingdom","London Stock Exchange","GBP"
"NEM","NEMETSCHEK","Information Technology","Equity","3’088’911.40","0.03","3’088’911.40","48’721.00","63.40","Germany","Xetra","EUR"
"VER","VERBUND AG","Utilities","Equity","3’078’857.70","0.03","3’078’857.70","51’059.00","60.30","Austria","Wiener Boerse Ag","EUR"
"INVP","INVESTEC PLC","Financials","Equity","3’078’138.07","0.03","3’078’138.07","416’642.00","7.39","United Kingdom","London Stock Exchange","GBP"
"GFC","GECINA SA","Real Estate","Equity","3’069’468.00","0.03","3’069’468.00","42’192.00","72.75","France","Nyse Euronext - Euronext Paris","EUR"
"MBK","MBANK SA","Financials","Equity","3’066’431.57","0.03","3’066’431.57","10’528.00","291.26","Poland","Warsaw Stock Exchange/Equities/Main Market","PLN"
"ENG","ENAGAS SA","Utilities","Equity","3’045’616.31","0.03","3’045’616.31","176’353.00","17.27","Spain","Bolsa De Madrid","EUR"
"ZEG","ZEGONA COMMUNICATIONS PLC","Communication","Equity","3’042’116.50","0.03","3’042’116.50","144’299.00","21.08","United Kingdom","London Stock Exchange","GBP"
"EMG","MAN GROUP PLC","Financials","Equity","3’034’517.53","0.03","3’034’517.53","930’646.00","3.26","United Kingdom","London Stock Exchange","GBP"
"LUND B","LUNDBERGFORETAGEN CLASS B","Financials","Equity","3’029’563.81","0.03","3’029’563.81","60’568.00","50.02","Sweden","Nasdaq Omx Nordic","SEK"
"VAR","VAR ENERGI","Energy","Equity","3’028’260.38","0.03","3’028’260.38","688’908.00","4.40","Norway","Oslo Bors Asa","NOK"
"TEMN","TEMENOS AG","Information Technology","Equity","2’997’117.72","0.03","2’997’117.72","40’601.00","73.82","Switzerland","SIX Swiss Exchange","CHF"
"BOLL","BOLLORE","Energy","Equity","2’996’034.74","0.03","2’996’034.74","554’308.00","5.41","France","Nyse Euronext - Euronext Paris","EUR"
"BCVN","BC VAUD N","Financials","Equity","2’987’311.86","0.03","2’987’311.86","23’233.00","128.58","Switzerland","SIX Swiss Exchange","CHF"
"CDR","CD PROJEKT SA","Communication","Equity","2’982’217.52","0.03","2’982’217.52","50’077.00","59.55","Poland","Warsaw Stock Exchange/Equities/Main Market","PLN"
"SECT B","SECTRA CLASS B","Health Care","Equity","2’973’488.99","0.03","2’973’488.99","115’402.00","25.77","Sweden","Nasdaq Omx Nordic","SEK"
"RMV","RIGHTMOVE PLC","Communication","Equity","2’971’142.93","0.03","2’971’142.93","594’671.00","5.00","United Kingdom","London Stock Exchange","GBP"
"BKG","BERKELEY GROUP HOLDINGS (THE) PLC","Consumer Discretionary","Equity","2’971’516.09","0.03","2’971’516.09","76’523.00","38.83","United Kingdom","London Stock Exchange","GBP"
"INCH","INCHCAPE PLC","Consumer Discretionary","Equity","2’970’178.65","0.03","2’970’178.65","305’590.00","9.72","United Kingdom","London Stock Exchange","GBP"
"PLUS","PLUS500 LTD","Financials","Equity","2’952’054.41","0.03","2’952’054.41","55’487.00","53.20","United Kingdom","London Stock Exchange","GBP"
"GETI B","GETINGE B","Health Care","Equity","2’946’242.02","0.03","2’946’242.02","165’715.00","17.78","Sweden","Nasdaq Omx Nordic","SEK"
"SOF","SOFINA SA","Financials","Equity","2’935’800.00","0.03","2’935’800.00","13’048.00","225.00","Belgium","Nyse Euronext - Euronext Brussels","EUR"
"SW","SODEXO SA","Consumer Discretionary","Equity","2’926’809.60","0.03","2’926’809.60","63’960.00","45.76","France","Nyse Euronext - Euronext Paris","EUR"
"BZU","BUZZI","Materials","Equity","2’920’455.00","0.03","2’920’455.00","64’899.00","45.00","Italy","Borsa Italiana","EUR"
"VEND","VEND MARKETPLACES ASA","Communication","Equity","2’908’399.42","0.03","2’908’399.42","129’430.00","22.47","Norway","Oslo Bors Asa","NOK"
"A2A","A2A","Utilities","Equity","2’906’769.06","0.03","2’906’769.06","1’259’432.00","2.31","Italy","Borsa Italiana","EUR"
"ALLN","ALLREAL HOLDING AG","Real Estate","Equity","2’895’674.46","0.03","2’895’674.46","12’897.00","224.52","Switzerland","SIX Swiss Exchange","CHF"
"AZM","AZIMUT HOLDING","Financials","Equity","2’884’632.40","0.03","2’884’632.40","81’029.00","35.60","Italy","Borsa Italiana","EUR"
"AALB","AALBERTS NV","Industrials","Equity","2’882’511.84","0.03","2’882’511.84","73’086.00","39.44","Netherlands","Euronext Amsterdam","EUR"
"ENT","ENTAIN PLC","Consumer Discretionary","Equity","2’863’440.39","0.03","2’863’440.39","460’154.00","6.22","United Kingdom","London Stock Exchange","GBP"
"BBOX","TRITAX BIG BOX REIT PLC","Real Estate","Equity","2’836’891.48","0.03","2’836’891.48","1’634’509.00","1.74","United Kingdom","London Stock Exchange","GBP"
"VSURE","VERISURE PLC","Industrials","Equity","2’837’122.86","0.03","2’837’122.86","243’321.00","11.66","Sweden","Nasdaq Omx Nordic","EUR"
"GL9","GLANBIA PLC","Consumer Staples","Equity","2’836’473.76","0.03","2’836’473.76","139’316.00","20.36","Ireland","Irish Stock Exchange - All Market","EUR"
"MAP","MAPFRE SA","Financials","Equity","2’830’917.47","0.03","2’830’917.47","696’927.00","4.06","Spain","Bolsa De Madrid","EUR"
"AG1","AUTO1 GROUP","Consumer Discretionary","Equity","2’800’163.84","0.03","2’800’163.84","128’684.00","21.76","Germany","Xetra","EUR"
"SRP","SERCO GROUP PLC","Industrials","Equity","2’770’921.96","0.03","2’770’921.96","858’949.00","3.23","United Kingdom","London Stock Exchange","GBP"
"DRX","DRAX GROUP PLC","Utilities","Equity","2’770’223.49","0.03","2’770’223.49","282’996.00","9.79","United Kingdom","London Stock Exchange","GBP"
"ITV","ITV PLC","Communication","Equity","2’729’397.89","0.03","2’729’397.89","2’897’866.00","0.94","United Kingdom","London Stock Exchange","GBP"
"DNP","DINO POLSKA SA","Consumer Staples","Equity","2’718’499.88","0.03","2’718’499.88","362’314.00","7.50","Poland","Warsaw Stock Exchange/Equities/Main Market","PLN"
"RAA","RATIONAL AG","Industrials","Equity","2’699’613.00","0.03","2’699’613.00","4’109.00","657.00","Germany","Xetra","EUR"
"FLS","FLSMIDTH AND CO CLASS B","Industrials","Equity","2’672’311.98","0.03","2’672’311.98","38’108.00","70.12","Denmark","Omx Nordic Exchange Copenhagen A/S","DKK"
"SFZN","SIEGFRIED HOLDING AG","Health Care","Equity","2’665’089.23","0.03","2’665’089.23","29’675.00","89.81","Switzerland","SIX Swiss Exchange","CHF"
"GF","GEORG FISCHER AG","Industrials","Equity","2’652’681.54","0.03","2’652’681.54","55’910.00","47.45","Switzerland","SIX Swiss Exchange","CHF"
"BIM","BIOMERIEUX SA","Health Care","Equity","2’648’436.50","0.03","2’648’436.50","36’835.00","71.90","France","Nyse Euronext - Euronext Paris","EUR"
"RS1","RS GROUP PLC","Industrials","Equity","2’646’978.56","0.03","2’646’978.56","335’430.00","7.89","United Kingdom","London Stock Exchange","GBP"
"CVC","CVC CAPITAL PARTNERS PLC","Financials","Equity","2’640’526.25","0.03","2’640’526.25","199’285.00","13.25","Netherlands","Euronext Amsterdam","EUR"
"VALMT","VALMET CORP","Industrials","Equity","2’639’148.00","0.03","2’639’148.00","114’150.00","23.12","Finland","Nasdaq Omx Helsinki Ltd.","EUR"
"SAGA B","SAGAX CLASS B","Real Estate","Equity","2’635’959.21","0.03","2’635’959.21","168’811.00","15.61","Sweden","Nasdaq Omx Nordic","SEK"
"EVD","CTS EVENTIM AG","Communication","Equity","2’579’193.00","0.03","2’579’193.00","45’249.00","57.00","Germany","Xetra","EUR"
"BKW","BKW N AG","Utilities","Equity","2’575’396.19","0.03","2’575’396.19","15’771.00","163.30","Switzerland","SIX Swiss Exchange","CHF"
"HER","HERA","Utilities","Equity","2’570’042.69","0.03","2’570’042.69","652’958.00","3.94","Italy","Borsa Italiana","EUR"
"KGX","KION GROUP AG","Industrials","Equity","2’562’047.00","0.03","2’562’047.00","57’445.00","44.60","Germany","Xetra","EUR"
"FTK","FLATEXDEGIRO N","Financials","Equity","2’559’379.36","0.03","2’559’379.36","79’336.00","32.26","Germany","Xetra","EUR"
"ZAB","ZABKA GROUP SOCIETE ANONYME SA","Consumer Staples","Equity","2’530’254.58","0.02","2’530’254.58","428’276.00","5.91","Poland","Warsaw Stock Exchange/Equities/Main Market","PLN"
"UNIC","UNICAJA BANCO SA","Financials","Equity","2’530’992.91","0.02","2’530’992.91","886’202.00","2.86","Spain","Bolsa De Madrid","EUR"
"WPP","WPP PLC","Communication","Equity","2’529’649.29","0.02","2’529’649.29","792’400.00","3.19","United Kingdom","London Stock Exchange","GBP"
"BALD B","FASTIGHETS BALDER CLASS B","Real Estate","Equity","2’527’161.03","0.02","2’527’161.03","514’735.00","4.91","Sweden","Nasdaq Omx Nordic","SEK"
"NOD","NORDIC SEMICONDUCTOR","Information Technology","Equity","2’510’220.86","0.02","2’510’220.86","131’744.00","19.05","Norway","Oslo Bors Asa","NOK"
"CPR","DAVIDE CAMPARI MILANO NV","Consumer Staples","Equity","2’498’401.35","0.02","2’498’401.35","446’462.00","5.60","Italy","Borsa Italiana","EUR"
"MNDI","MONDI PLC","Materials","Equity","2’493’736.00","0.02","2’493’736.00","288’436.00","8.65","United Kingdom","London Stock Exchange","GBP"
"TW.","TAYLOR WIMPEY PLC","Consumer Discretionary","Equity","2’487’805.74","0.02","2’487’805.74","2’694’997.00","0.92","United Kingdom","London Stock Exchange","GBP"
"FNTN","FREENET AG","Communication","Equity","2’477’394.92","0.02","2’477’394.92","97’229.00","25.48","Germany","Xetra","EUR"
"PNN","PENNON GROUP PLC","Utilities","Equity","2’437’960.83","0.02","2’437’960.83","393’830.00","6.19","United Kingdom","London Stock Exchange","GBP"
"CWK","CRANSWICK PLC","Consumer Staples","Equity","2’431’378.77","0.02","2’431’378.77","38’913.00","62.48","United Kingdom","London Stock Exchange","GBP"
"OCTV SDB","OCTAVE INTELLIGENCE PLC SDRS","Information Technology","Equity","2’428’987.90","0.02","2’428’987.90","166’583.00","14.58","Sweden","Nasdaq Omx Nordic","SEK"
"BGN","BANCA GENERALI","Financials","Equity","2’414’944.80","0.02","2’414’944.80","43’749.00","55.20","Italy","Borsa Italiana","EUR"
"RUI","RUBIS","Utilities","Equity","2’410’002.90","0.02","2’410’002.90","67’131.00","35.90","France","Nyse Euronext - Euronext Paris","EUR"
"IP","INTERPUMP GROUP","Industrials","Equity","2’393’094.00","0.02","2’393’094.00","66’660.00","35.90","Italy","Borsa Italiana","EUR"
"BFT","BENEFIT SYSTEMS SA","Industrials","Equity","2’363’448.58","0.02","2’363’448.58","2’199.00","1’074.78","Poland","Warsaw Stock Exchange/Equities/Main Market","PLN"
"KBCA","KBC ANCORA NV","Financials","Equity","2’342’863.60","0.02","2’342’863.60","28’853.00","81.20","Belgium","Nyse Euronext - Euronext Brussels","EUR"
"AXFO","AXFOOD","Consumer Staples","Equity","2’324’563.02","0.02","2’324’563.02","94’908.00","24.49","Sweden","Nasdaq Omx Nordic","SEK"
"DEMANT","DEMANT","Health Care","Equity","2’314’382.65","0.02","2’314’382.65","70’819.00","32.68","Denmark","Omx Nordic Exchange Copenhagen A/S","DKK"
"WIE","WIENERBERGER AG","Materials","Equity","2’308’877.70","0.02","2’308’877.70","97’421.00","23.70","Austria","Wiener Boerse Ag","EUR"
"PIRC","PIRELLI & C","Consumer Discretionary","Equity","2’298’822.82","0.02","2’298’822.82","372’279.00","6.17","Italy","Borsa Italiana","EUR"
"LOOMIS","LOOMIS CLASS B","Industrials","Equity","2’290’180.66","0.02","2’290’180.66","53’162.00","43.08","Sweden","Nasdaq Omx Nordic","SEK"
"ADP","AEROPORTS DE PARIS SA","Industrials","Equity","2’288’265.00","0.02","2’288’265.00","20’615.00","111.00","France","Nyse Euronext - Euronext Paris","EUR"
"SUNN","SUNRISE N CLASS A LTD","Communication","Equity","2’280’593.42","0.02","2’280’593.42","48’995.00","46.55","Switzerland","SIX Swiss Exchange","CHF"
"QQ.","QINETIQ GROUP PLC","Industrials","Equity","2’275’599.76","0.02","2’275’599.76","406’337.00","5.60","United Kingdom","London Stock Exchange","GBP"
"GRF","GRIFOLS SA CLASS A","Health Care","Equity","2’262’732.08","0.02","2’262’732.08","235’407.00","9.61","Spain","Bolsa De Madrid","EUR"
"TEG","TAG IMMOBILIEN AG","Real Estate","Equity","2’256’625.56","0.02","2’256’625.56","158’027.00","14.28","Germany","Xetra","EUR"
"TUI1","TUI N AG","Consumer Discretionary","Equity","2’252’713.05","0.02","2’252’713.05","335’925.00","6.71","United Kingdom","Xetra","EUR"
"BC","BRUNELLO CUCINELLI","Consumer Discretionary","Equity","2’235’148.44","0.02","2’235’148.44","27’574.00","81.06","Italy","Borsa Italiana","EUR"
"PUM","PUMA","Consumer Discretionary","Equity","2’226’710.32","0.02","2’226’710.32","79’186.00","28.12","Germany","Xetra","EUR"
"TCAP","TP ICAP GROUP PLC","Financials","Equity","2’217’650.63","0.02","2’217’650.63","603’460.00","3.67","United Kingdom","London Stock Exchange","GBP"
"COV","COVIVIO SA","Real Estate","Equity","2’213’626.50","0.02","2’213’626.50","40’617.00","54.50","France","Nyse Euronext - Euronext Paris","EUR"
"CMBN","CEMBRA MONEY BANK AG","Financials","Equity","2’203’607.62","0.02","2’203’607.62","20’893.00","105.47","Switzerland","SIX Swiss Exchange","CHF"
"CSG","CSG CLASS A NV","Industrials","Equity","2’186’173.44","0.02","2’186’173.44","116’224.00","18.81","Netherlands","Euronext Amsterdam","EUR"
"GBF","BILFINGER","Industrials","Equity","2’171’049.60","0.02","2’171’049.60","24’096.00","90.10","Germany","Xetra","EUR"
"ADEN","ADECCO GROUP AG","Industrials","Equity","2’167’778.92","0.02","2’167’778.92","125’589.00","17.26","Switzerland","SIX Swiss Exchange","CHF"
"ROR","ROTORK PLC","Industrials","Equity","2’164’402.08","0.02","2’164’402.08","599’926.00","3.61","United Kingdom","London Stock Exchange","GBP"
"SCYR","SACYR SA","Industrials","Equity","2’162’086.99","0.02","2’162’086.99","459’432.00","4.71","Spain","Bolsa De Madrid","EUR"
"UTG","UNITE GROUP PLC","Real Estate","Equity","2’140’573.31","0.02","2’140’573.31","368’521.00","5.81","United Kingdom","London Stock Exchange","GBP"
"VATN","VALIANT HOLDING AG","Financials","Equity","2’133’311.19","0.02","2’133’311.19","12’235.00","174.36","Switzerland","SIX Swiss Exchange","CHF"
"AAF","AIRTEL AFRICA PLC","Communication","Equity","2’129’568.49","0.02","2’129’568.49","547’106.00","3.89","United Kingdom","London Stock Exchange","GBP"
"ACP","ASSECO POLAND SA","Information Technology","Equity","2’111’133.34","0.02","2’111’133.34","45’474.00","46.43","Poland","Warsaw Stock Exchange/Equities/Main Market","PLN"
"SWEC B","SWECO CLASS B","Industrials","Equity","2’100’605.47","0.02","2’100’605.47","167’860.00","12.51","Sweden","Nasdaq Omx Nordic","SEK"
"MOBN","MOBIMO HOLDING AG","Real Estate","Equity","2’090’180.85","0.02","2’090’180.85","5’484.00","381.14","Switzerland","SIX Swiss Exchange","CHF"
"LIGHT","SIGNIFY NV","Industrials","Equity","2’088’754.20","0.02","2’088’754.20","100’906.00","20.70","Netherlands","Euronext Amsterdam","EUR"
"HUH1V","HUHTAMAKI","Materials","Equity","2’087’240.96","0.02","2’087’240.96","77’248.00","27.02","Finland","Nasdaq Omx Helsinki Ltd.","EUR"
"SUN","SULZER AG","Industrials","Equity","2’071’656.05","0.02","2’071’656.05","12’885.00","160.78","Switzerland","SIX Swiss Exchange","CHF"
"FDJU","FDJ UNITED","Consumer Discretionary","Equity","2’059’415.56","0.02","2’059’415.56","89’774.00","22.94","France","Nyse Euronext - Euronext Paris","EUR"
"ZEAL","ZEALAND PHARMA","Health Care","Equity","2’056’669.70","0.02","2’056’669.70","47’624.00","43.19","Denmark","Omx Nordic Exchange Copenhagen A/S","DKK"
"RAND","RANDSTAD HOLDING","Industrials","Equity","2’057’020.04","0.02","2’057’020.04","78’934.00","26.06","Netherlands","Euronext Amsterdam","EUR"
"FR","VALEO","Consumer Discretionary","Equity","2’046’945.60","0.02","2’046’945.60","162’456.00","12.60","France","Nyse Euronext - Euronext Paris","EUR"
"ARCAD","ARCADIS NV","Industrials","Equity","2’043’415.50","0.02","2’043’415.50","57’561.00","35.50","Netherlands","Euronext Amsterdam","EUR"
"IVG","IVECO GROUP NV","Industrials","Equity","2’009’263.20","0.02","2’009’263.20","144’240.00","13.93","Italy","Borsa Italiana","EUR"
"BC8","BECHTLE AG","Information Technology","Equity","1’998’756.06","0.02","1’998’756.06","65’191.00","30.66","Germany","Xetra","EUR"
"VIS","VISCOFAN SA","Consumer Staples","Equity","1’997’267.50","0.02","1’997’267.50","34’025.00","58.70","Spain","Bolsa De Madrid","EUR"
"HIK","HIKMA PHARMACEUTICALS PLC","Health Care","Equity","1’985’399.56","0.02","1’985’399.56","115’937.00","17.12","United Kingdom","London Stock Exchange","GBP"
"VPK","KONINKLIJKE VOPAK NV","Energy","Equity","1’984’106.96","0.02","1’984’106.96","42’251.00","46.96","Netherlands","Euronext Amsterdam","EUR"
"MANTA","MANDATUM","Financials","Equity","1’966’730.28","0.02","1’966’730.28","339’384.00","5.79","Finland","Nasdaq Omx Helsinki Ltd.","EUR"
"SBNOR","SPAREBANKEN NORGE","Financials","Equity","1’959’287.77","0.02","1’959’287.77","111’384.00","17.59","Norway","Oslo Bors Asa","NOK"
"LATO B","LATOUR INVESTMENT CLASS B","Industrials","Equity","1’947’618.40","0.02","1’947’618.40","106’694.00","18.25","Sweden","Nasdaq Omx Nordic","SEK"
"TOM","TOMRA SYSTEMS","Industrials","Equity","1’946’666.20","0.02","1’946’666.20","213’707.00","9.11","Norway","Oslo Bors Asa","NOK"
"PAF","PAN AFRICAN RESOURCES PLC","Materials","Equity","1’929’985.09","0.02","1’929’985.09","1’205’185.00","1.60","United Kingdom","London Stock Exchange","GBP"
"REY","REPLY","Information Technology","Equity","1’930’368.00","0.02","1’930’368.00","18’280.00","105.60","Italy","Borsa Italiana","EUR"
"ALLFG","ALLFUNDS GROUP PLC","Financials","Equity","1’921’065.30","0.02","1’921’065.30","224’686.00","8.55","Netherlands","Euronext Amsterdam","EUR"
"RBREW","ROYAL UNIBREW","Consumer Staples","Equity","1’912’543.00","0.02","1’912’543.00","34’772.00","55.00","Denmark","Omx Nordic Exchange Copenhagen A/S","DKK"
"QLT","QUILTER PLC","Financials","Equity","1’909’047.71","0.02","1’909’047.71","850’016.00","2.25","United Kingdom","London Stock Exchange","GBP"
"KMAR","KONGSBERG MARITIME","Industrials","Equity","1’904’460.90","0.02","1’904’460.90","344’708.00","5.52","Norway","Oslo Bors Asa","NOK"
"TPE","TAURON POLSKA ENERGIA SA","Utilities","Equity","1’899’222.44","0.02","1’899’222.44","828’863.00","2.29","Poland","Warsaw Stock Exchange/Equities/Main Market","PLN"
"VZN","VZ HOLDING AG","Financials","Equity","1’897’772.65","0.02","1’897’772.65","11’692.00","162.31","Switzerland","SIX Swiss Exchange","CHF"
"BWY","BELLWAY PLC","Consumer Discretionary","Equity","1’879’446.31","0.02","1’879’446.31","85’265.00","22.04","United Kingdom","London Stock Exchange","GBP"
"HOLM B","HOLMEN CLASS B","Materials","Equity","1’852’754.54","0.02","1’852’754.54","64’720.00","28.63","Sweden","Nasdaq Omx Nordic","SEK"
"ING","ING BANK SLASKI SA","Financials","Equity","1’840’961.14","0.02","1’840’961.14","18’460.00","99.73","Poland","Warsaw Stock Exchange/Equities/Main Market","PLN"
"ROCK B","ROCKWOOL CLASS B","Industrials","Equity","1’831’361.82","0.02","1’831’361.82","70’795.00","25.87","Denmark","Omx Nordic Exchange Copenhagen A/S","DKK"
"TBCG","TBC BANK GROUP PLC","Financials","Equity","1’830’046.95","0.02","1’830’046.95","35’462.00","51.61","United Kingdom","London Stock Exchange","GBP"
"FRA","FRAPORT FRANKFURT AIRPORT SERVICES","Industrials","Equity","1’826’044.05","0.02","1’826’044.05","26’407.00","69.15","Germany","Xetra","EUR"
"PHP","PRIMARY HEALTH PROPERTIES REIT PLC","Real Estate","Equity","1’810’202.86","0.02","1’810’202.86","1’673’214.00","1.08","United Kingdom","London Stock Exchange","GBP"
"SDF","K+S N AG","Materials","Equity","1’804’216.04","0.02","1’804’216.04","122’903.00","14.68","Germany","Xetra","EUR"
"SFSN","SFS GROUP AG","Industrials","Equity","1’793’321.44","0.02","1’793’321.44","12’954.00","138.44","Switzerland","SIX Swiss Exchange","CHF"
"DLG","DELONGHI","Consumer Discretionary","Equity","1’787’627.30","0.02","1’787’627.30","50’641.00","35.30","Italy","Borsa Italiana","EUR"
"NEXI","NEXI","Financials","Equity","1’783’381.35","0.02","1’783’381.35","506’211.00","3.52","Italy","Borsa Italiana","EUR"
"MTO","MITIE GROUP PLC","Industrials","Equity","1’779’281.27","0.02","1’779’281.27","863’894.00","2.06","United Kingdom","London Stock Exchange","GBP"
"FPE3","FUCHS PREF","Materials","Equity","1’775’571.84","0.02","1’775’571.84","47’628.00","37.28","Germany","Xetra","EUR"
"JD.","JD SPORTS FASHION PLC","Consumer Discretionary","Equity","1’763’251.93","0.02","1’763’251.93","1’874’850.00","0.94","United Kingdom","London Stock Exchange","GBP"
"SHC","SHAFTESBURY CAPITAL PLC","Real Estate","Equity","1’755’364.60","0.02","1’755’364.60","1’128’766.00","1.56","United Kingdom","London Stock Exchange","GBP"
"THULE","THULE GROUP","Consumer Discretionary","Equity","1’733’555.62","0.02","1’733’555.62","83’710.00","20.71","Sweden","Nasdaq Omx Nordic","SEK"
"DKSH","DKSH HOLDING AG","Industrials","Equity","1’685’360.77","0.02","1’685’360.77","24’621.00","68.45","Switzerland","SIX Swiss Exchange","CHF"
"MF","WENDEL","Financials","Equity","1’630’992.30","0.02","1’630’992.30","18’943.00","86.10","France","Nyse Euronext - Euronext Paris","EUR"
"INW","INFRASTRUTTURE WIRELESS ITALIANE","Communication","Equity","1’603’300.26","0.02","1’603’300.26","238’764.00","6.71","Italy","Borsa Italiana","EUR"
"KEMIRA","KEMIRA","Materials","Equity","1’591’552.28","0.02","1’591’552.28","89’564.00","17.77","Finland","Nasdaq Omx Helsinki Ltd.","EUR"
"HOC","HOCHSCHILD MINING PLC","Materials","Equity","1’568’542.89","0.02","1’568’542.89","227’641.00","6.89","United Kingdom","London Stock Exchange","GBP"
"VID","VIDRALA SA","Materials","Equity","1’560’258.70","0.02","1’560’258.70","20’449.00","76.30","Spain","Bolsa De Madrid","EUR"
"BPT","BRIDGEPOINT GROUP PLC","Financials","Equity","1’556’055.23","0.02","1’556’055.23","508’627.00","3.06","United Kingdom","London Stock Exchange","GBP"
"PUIG","PUIG BRANDS SA CLASS B","Consumer Staples","Equity","1’535’367.96","0.02","1’535’367.96","100’548.00","15.27","Spain","Bolsa De Madrid","EUR"
"HIAB","HIAB CORPORATION CLASS B","Industrials","Equity","1’529’008.65","0.01","1’529’008.65","29’041.00","52.65","Finland","Nasdaq Omx Helsinki Ltd.","EUR"
"SOP","SOPRA STERIA GROUP","Information Technology","Equity","1’524’099.60","0.01","1’524’099.60","10’718.00","142.20","France","Nyse Euronext - Euronext Paris","EUR"
"AMV0","AUMOVIO N","Consumer Discretionary","Equity","1’518’042.80","0.01","1’518’042.80","39’896.00","38.05","Germany","Xetra","EUR"
"BAVA","BAVARIAN NORDIC","Health Care","Equity","1’502’139.96","0.01","1’502’139.96","58’431.00","25.71","Denmark","Omx Nordic Exchange Copenhagen A/S","DKK"
"BAKKA","BAKKAFROST","Consumer Staples","Equity","1’496’976.41","0.01","1’496’976.41","34’404.00","43.51","Norway","Oslo Bors Asa","NOK"
"BYG","BIG YELLOW GROUP PLC","Real Estate","Equity","1’486’058.78","0.01","1’486’058.78","155’017.00","9.59","United Kingdom","London Stock Exchange","GBP"
"BUCN","BUCHER INDUSTRIES AG","Industrials","Equity","1’485’565.32","0.01","1’485’565.32","4’306.00","345.00","Switzerland","SIX Swiss Exchange","CHF"
"WIHL","WIHLBORGS FASTIGHETER","Real Estate","Equity","1’480’599.89","0.01","1’480’599.89","188’415.00","7.86","Sweden","Nasdaq Omx Nordic","SEK"
"CAMX","CAMURUS","Health Care","Equity","1’478’934.56","0.01","1’478’934.56","30’583.00","48.36","Sweden","Nasdaq Omx Nordic","SEK"
"BME","B&M EUROPEAN VALUE RETAIL PLC","Consumer Discretionary","Equity","1’462’984.10","0.01","1’462’984.10","735’101.00","1.99","United Kingdom","London Stock Exchange","GBP"
"DLN","DERWENT LONDON REIT PLC","Real Estate","Equity","1’450’417.72","0.01","1’450’417.72","71’917.00","20.17","United Kingdom","London Stock Exchange","GBP"
"AMBU B","AMBU CLASS B","Health Care","Equity","1’376’996.87","0.01","1’376’996.87","154’265.00","8.93","Denmark","Omx Nordic Exchange Copenhagen A/S","DKK"
"CDI","CHRISTIAN DIOR","Consumer Discretionary","Equity","1’358’266.00","0.01","1’358’266.00","3’073.00","442.00","France","Nyse Euronext - Euronext Paris","EUR"
"WALL B","WALLENSTAM CLASS B","Real Estate","Equity","1’344’929.53","0.01","1’344’929.53","361’983.00","3.72","Sweden","Nasdaq Omx Nordic","SEK"
"EZJ","EASYJET PLC","Industrials","Equity","1’210’846.94","0.01","1’210’846.94","277’872.00","4.36","United Kingdom","London Stock Exchange","GBP"
"NOK","NOK CASH","Cash and/or Derivatives","Cash","1’125’324.17","0.01","1’125’324.17","12’119’199.00","9.29","Norway","-","NOK"
"SEK","SEK CASH","Cash and/or Derivatives","Cash","563’560.80","0.01","563’560.80","6’106’652.00","9.23","Sweden","-","SEK"
"PLN","PLN CASH","Cash and/or Derivatives","Cash","417’299.16","0.00","417’299.16","1’765’822.00","23.63","Poland","-","PLN"
"CHF","CHF CASH","Cash and/or Derivatives","Cash","221’168.68","0.00","221’168.68","201’937.00","109.52","Switzerland","-","CHF"
"GEL","GEL CASH(COMMITTED)","Cash and/or Derivatives","Cash","44’283.28","0.00","44’283.28","137’238.00","32.27","Georgia","-","GEL"
"ETD_EUR","ETD EUR BALANCE WITH R84910","Cash and/or Derivatives","Cash","0.00","0.00","0.00","0.00","100.00","European Union","-","EUR"
"VTY","VISTRY GROUP PLC","Consumer Discretionary","Equity","0.00","0.00","0.00","0.00","0.00","United Kingdom","London Stock Exchange","GBP"
"DKK","DKK/EUR","Cash and/or Derivatives","FX","-10.84","0.00","-10.84","3’477’152.00","1.00","European Union","-","EUR"
"-","ESSILORLUXOTTICA SA COUPON","Health Care","Equity","2.42","0.00","2.42","241’908.00","0.00","France","Nyse Euronext - Euronext Paris","EUR"
"SXOM6","STOXX EUROPE 600 JUN 26","Cash and/or Derivatives","Futures","0.00","0.00","58’104’825.00","1’849.00","628.50","European Union","Eurex Deutschland","EUR"
"CHF","CHF/EUR","Cash and/or Derivatives","FX","-1’132.60","0.00","-1’132.60","605’729.00","1.00","European Union","-","EUR"
"GBP","GBP/EUR","Cash and/or Derivatives","FX","-3’068.78","0.00","-3’068.78","2’673’137.00","1.00","European Union","-","EUR"
"DKK","DKK CASH","Cash and/or Derivatives","Cash","-162’596.19","0.00","-162’596.19","-1’214’984.00","13.38","Denmark","-","DKK"
 